model=SM-G950F_device=dreamlte, 32.17224246105308, 34.8144489381276, 7.777438959165592, HOTBOX-D88A, c0:ac:54:f5:b4:c9, 1, -92.0, 
model=SM-G950F_device=dreamlte, 32.172238019565235, 34.81444473498782, 10.580361150029846, Efrat, b4:ee:b4:86:c0:f1, 11, -74.0, 
model=SM-G950F_device=dreamlte, 32.172252019523675, 34.814391891326764, 17.18081811626479, angela, 80:1f:02:f5:d8:e8, 1, -89.0, 
model=SM-G950F_device=dreamlte, 32.172265215924426, 34.81421445142988, 22.818991521293682, KarvatB0.5, 14:ae:db:cc:ed:6d, 48, -89.0, 
model=SM-G950F_device=dreamlte, 32.17236137351424, 34.813699062125046, 35.857570420273696, Bezeq Free GA32E3, 52:b0:ce:ac:32:98, 1, -80.0, 
model=Lenovo PB2-690Y_device=PB2PRO, 32.17236392048461, 34.813608582564235, 40.37390229623365, lellouche, a4:2b:b0:ad:2d:34, 5, -93.0, 
model=SM-G950F_device=dreamlte, 32.172390767956486, 34.813417211867176, 31.709069181653852, dobry2016, 6c:b0:ce:ac:32:9b, 1, -69.0, 
model=Lenovo PB2-690Y_device=PB2PRO, 32.17238485133309, 34.81335251001789, 36.14795188031762, Mevohot_1, 20:0c:c8:1b:a2:48, 6, -95.0, 
model=SM-G950F_device=dreamlte, 32.172421401383374, 34.81313048983334, 30.003915937473923, DIR-825-4f83, 80:26:89:0d:4f:84, 1, -66.0, 
model=Lenovo PB2-690Y_device=PB2PRO, 32.17241727, 34.81315388, 44.00000000000001, sellahome_2EX, 74:da:38:14:1f:8d, 9, -82.0, 
model=Lenovo PB2-690Y_device=PB2PRO, 32.17237362574928, 34.81343720493664, 41.80953753710491, Mevohot_3, 60:e3:27:e8:41:e8, 11, -86.0, 
model=Lenovo PB2-690Y_device=PB2PRO, 32.1724216440424, 34.81308019828736, 43.606964316497155, BezeqFree, 06:ae:db:ba:1e:85, 11, -81.0, 
model=Lenovo PB2-690Y_device=PB2PRO, 32.172429856602434, 34.81314428818429, 33.52459289497471, sellahome, d8:fb:5e:17:47:f8, 9, -83.0, 
model=Lenovo PB2-690Y_device=PB2PRO, 32.17243758, 34.81296682, 47.0, shweiger1, 14:ae:db:c1:ad:7d, 1, -84.0, 
model=Lenovo PB2-690Y_device=PB2PRO, 32.17249938168531, 34.81267951428522, 37.39473005851746, ELDAD, 10:0d:7f:80:17:80, 11, -87.0, 
model=Lenovo PB2-690Y_device=PB2PRO, 32.172363041325866, 34.81364072799799, 38.385096172151776, Lahav, 08:3e:5d:5c:72:5e, 11, -89.0, 
model=Lenovo PB2-690Y_device=PB2PRO, 32.17227668964699, 34.81413233782168, 38.08922648494571, Orit, c4:a8:1d:12:7d:4c, 6, -91.0, 
model=Lenovo PB2-690Y_device=PB2PRO, 32.17246651, 34.81278713, 48.0, BezeqFree, 06:ae:db:c1:ad:7d, 1, -87.0, 
model=SM-G950F_device=dreamlte, 32.172489579816656, 34.812654590676075, 36.68609680025592, Eldad_2EX, 80:1f:02:e8:b9:cc, 11, -82.0, 
model=Lenovo PB2-690Y_device=PB2PRO, 32.1724962, 34.81260015, 47.0, HOTBOX1234, 30:b5:c2:6e:12:d4, 1, -88.0, 
model=Lenovo PB2-690Y_device=PB2PRO, 32.17255607851636, 34.812383491811524, 45.580574226881815, HOTBOX1234, 00:78:9e:f9:f5:5b, 1, -82.0, 
model=Lenovo PB2-690Y_device=PB2PRO, 32.17229534701232, 34.812038681950206, 44.45891914419367, varda, c4:12:f5:85:27:c2, 1, -95.0, 
model=Lenovo PB2-690Y_device=PB2PRO, 32.17243293091802, 34.81264822176326, 47.360982025427454, Miller, 00:78:9e:fa:0e:5c, 1, -94.0, 
model=SM-G950F_device=dreamlte, 32.17241303604595, 34.81208332874092, 35.49585852826895, urigil1, a0:ab:1b:5d:c2:60, 10, -90.0, 
model=SM-G950F_device=dreamlte, 32.168785892548456, 34.81102019424413, 34.57310314424346, INGENEO, cc:b2:55:e8:4c:e6, 6, -91.0, 
model=Lenovo PB2-690Y_device=PB2PRO, 32.17230828, 34.81204165, 48.0, Gil-Up, 50:c7:bf:36:df:98, 2, -89.0, 
model=SM-G950F_device=dreamlte, 32.17223867916217, 34.81202835219862, 30.517667486511723, Helen., a0:ab:1b:57:cd:42, 10, -79.0, 
model=SM-G950F_device=dreamlte, 32.17217553070084, 34.81201239183262, 29.32418162501339, U2I8L1M0X42, 54:64:d9:66:29:ef, 11, -85.0, 
model=Lenovo PB2-690Y_device=PB2PRO, 32.17212193, 34.81196568, 47.0, U2I8L1M0X42, 7c:b7:33:97:35:f1, 1, -73.0, 
model=Lenovo PB2-690Y_device=PB2PRO, 32.17027283448258, 34.81113674152412, 38.58043207735322, KaymeraDev, 00:f6:63:15:58:81, 1, -93.0, 
model=Lenovo PB2-690Y_device=PB2PRO, 32.17185363323636, 34.81186936888218, 40.03520602915204, Ben Ami_2.4, c4:04:15:60:6a:b5, 11, -93.0, 
model=Lenovo PB2-690Y_device=PB2PRO, 32.171032116340356, 34.81147455987314, 40.17078803001232, KaymeraGuest, 00:f6:63:15:58:82, 1, -93.0, 
model=Lenovo PB2-690Y_device=PB2PRO, 32.17190930211056, 34.81188606044735, 40.70214328637243, Shani - Green, 54:b8:0a:34:68:90, 6, -95.0, 
model=SM-G950F_device=dreamlte, 32.17192567426232, 34.81190476642236, 31.11749984080548, Liza, 8c:59:c3:ea:db:4a, 1, -78.0, 
model=Lenovo PB2-690Y_device=PB2PRO, 32.1716947, 34.81179424, 42.0, Hilush111, 6c:b0:ce:2f:43:36, 1, -92.0, 
model=Lenovo PB2-690Y_device=PB2PRO, 32.17228305696039, 34.812077469038265, 42.63745227200953, Gil Kitchen, 80:1f:02:a3:7d:62, 6, -96.0, 
model=SM-G950F_device=dreamlte, 32.17125358527708, 34.81164527934201, 30.391263421940565, mika1, c4:12:f5:fb:c0:3e, 1, -82.0, 
model=SM-G950F_device=dreamlte, 32.17134020148104, 34.81169555724996, 29.78929958349117, donush, c0:ac:54:f5:b7:f2, 1, -87.0, 
model=Lenovo PB2-690Y_device=PB2PRO, 32.171176511717704, 34.81159409519152, 35.00469475513095, DAVID, d8:fb:5e:17:1b:d6, 11, -96.0, 
model=Lenovo PB2-690Y_device=PB2PRO, 32.17080996176221, 34.81139879563006, 31.93994662691322, home, 00:13:d4:0f:f3:ba, 1, -94.0, 
model=SM-G950F_device=dreamlte, 32.17094198600168, 34.81148871152029, 29.247534754719787, TP-LINK_2C3A, 84:16:f9:d7:2c:3a, 1, -90.0, 
model=Lenovo PB2-690Y_device=PB2PRO, 32.170528705134245, 34.811233214791656, 35.974475640272054, Guymic, 14:ae:db:b7:99:2d, 6, -95.0, 
model=Lenovo PB2-690Y_device=PB2PRO, 32.170521867804325, 34.81122112899475, 35.312420001097706, HOTFiber-A53E, 7c:b7:33:a1:7e:98, 6, -90.0, 
model=SM-G950F_device=dreamlte, 32.17052489858893, 34.811243700290355, 28.48330590693121, rdk, e4:d3:f1:9a:81:60, 13, -85.0, 
model=SM-G950F_device=dreamlte, 32.170485540391866, 34.811206113243585, 33.807793067412206, RDK, 58:b6:33:34:81:a8, 1, -85.0, 
model=SM-G950F_device=dreamlte, 32.170483703091215, 34.811213450771334, 28.73214646646468, RDK, 58:b6:33:34:ae:f8, 11, -85.0, 
model=SM-G950F_device=dreamlte, 32.17052489858893, 34.811243700290355, 28.48330590693121, dlink, 40:9b:cd:11:2f:88, 44, -92.0, 
model=Lenovo PB2-690Y_device=PB2PRO, 32.17013234225084, 34.81102658004825, 35.03747895757557, devolo-0f4, 30:d3:2d:37:20:f4, 6, -88.0, 
model=Lenovo PB2-690Y_device=PB2PRO, 32.16995469173775, 34.81094553063436, 34.72268794433783, Neeman2.4, 20:0c:c8:1d:c8:2b, 1, -87.0, 
model=Lenovo PB2-690Y_device=PB2PRO, 32.169992279018594, 34.81095602541394, 37.0, Bezeq Free F026CC, 6a:0c:c8:1d:c8:28, 1, -87.0, 
model=SM-G950F_device=dreamlte, 32.17005047256307, 34.811007615648165, 28.289290688769423, Neeman2.4_5, 20:0c:c8:1d:c8:2c, 60, -89.0, 
model=Lenovo PB2-690Y_device=PB2PRO, 32.1698657635492, 34.81091736885339, 32.914753996797934, HP-Print-20-Deskjet 4640 series, fc:15:b4:65:09:20, 1, -83.0, 
model=Lenovo PB2-690Y_device=PB2PRO, 32.16988722, 34.81091198, 37.0, HOTBOX12, d8:fb:5e:17:62:4d, 1, -87.0, 
model=Lenovo PB2-690Y_device=PB2PRO, 32.16988722, 34.81091198, 37.0, oved-main, 74:da:3a:97:66:9e, 6, -87.0, 
model=Lenovo PB2-690Y_device=PB2PRO, 32.1698657635492, 34.81091736885339, 32.914753996797934, HOTBOX-2E6E, c0:ac:54:f7:27:42, 11, -93.0, 
model=Lenovo PB2-690Y_device=PB2PRO, 32.16968089, 34.81083325, 37.0, Alpha125, 30:b5:c2:e0:55:9c, 6, -82.0, 
model=Lenovo PB2-690Y_device=PB2PRO, 32.169469857543056, 34.81119779906656, 31.456143614405452, Bezeq Free T00C36, 5a:0c:c8:0f:21:90, 1, -92.0, 
model=Lenovo PB2-690Y_device=PB2PRO, 32.16948271404124, 34.81075907071134, 29.364948453608243, BezeqFree, 62:ee:0c:39:f9:16, 5, -94.0, 
model=Lenovo PB2-690Y_device=PB2PRO, 32.169469857543056, 34.81119779906656, 31.456143614405452, ELCHARAR_2.4, 20:0c:c8:0f:21:93, 1, -95.0, 
model=SM-G950F_device=dreamlte, 32.16930328971546, 34.81071393258221, 27.82938002803731, edimax_2.4G_A92417, 74:da:38:a9:24:17, 3, -75.0, 
model=Lenovo PB2-690Y_device=PB2PRO, 32.16932023989525, 34.810698902873206, 33.355857602281176, BezeqNGN_001489_2.4GHz_1, c0:a0:bb:cb:59:5b, 1, -73.0, 
model=Lenovo PB2-690Y_device=PB2PRO, 32.1692751, 34.81066887, 38.0, netbox, d0:d4:12:65:19:a2, 1, -96.0, 
model=Lenovo PB2-690Y_device=PB2PRO, 32.169267321373766, 34.81068516804228, 32.86412969283415, forestisthebest, c8:d7:19:da:03:16, 6, -78.0, 
model=Lenovo PB2-690Y_device=PB2PRO, 32.169144634310406, 34.810642457000434, 33.38436512296738, spielman, f4:f2:6d:34:56:54, 1, -79.0, 
model=Lenovo PB2-690Y_device=PB2PRO, 32.169086313957166, 34.81062851289685, 31.752319562279563, HP-Print-C1-Deskjet 4640 series, 28:80:23:f6:e0:c1, 11, -87.0, 
model=Lenovo PB2-690Y_device=PB2PRO, 32.168869834231685, 34.8110201010187, 35.374096432436815, Oberyn Martell, 18:d6:c7:fb:1c:0e, 8, -79.0, 
model=Lenovo PB2-690Y_device=PB2PRO, 32.1687929969393, 34.811427543826674, 27.139942358796336, simon, e4:6f:13:73:0a:c2, 8, -89.0, 
model=Lenovo PB2-690Y_device=PB2PRO, 32.168805769347706, 34.810565828595905, 28.08232470276033, HTC, 06:c2:3e:e4:21:85, 4, -92.0, 
model=SM-G950F_device=dreamlte, 32.1693582906076, 34.81074639653124, 33.81123627578493, RS_GUEST, ec:08:6b:38:0d:dd, 12, -85.0, 
model=SM-G950F_device=dreamlte, 32.168823167573045, 34.810544049627936, 27.11526685223747, RS_GUEST_5G, ec:08:6b:38:0d:dc, 44, -89.0, 
model=SM-G950F_device=dreamlte, 32.168792723786524, 34.81060597981397, 29.05763342611873, DIRECT-F4-HP DeskJet 3830 series, c8:d3:ff:57:60:f5, 1, -89.0, 
model=SM-G950F_device=dreamlte, 32.168823167573045, 34.810544049627936, 27.11526685223747, KaymeraDev, 00:f6:63:15:58:8e, 36, -92.0, 
model=Lenovo PB2-690Y_device=PB2PRO, 32.16872739, 34.81060785, 38.0, kaymeraQA, 00:f6:63:15:58:80, 1, -82.0, 
model=Lenovo PB2-690Y_device=PB2PRO, 32.16938103132431, 34.812788509890254, 35.36498836037119, Candan, c0:ff:d4:7b:82:30, 1, -87.0, 
model=Lenovo PB2-690Y_device=PB2PRO, 32.16872739, 34.81060785, 38.0, Vision Public, c0:4a:00:f7:00:c1, 10, -89.0, 
model=Lenovo PB2-690Y_device=PB2PRO, 32.16872739, 34.81060785, 38.0, BARON WIFI 2.4, 60:e3:27:bf:a1:a5, 11, -91.0, 
model=Lenovo PB2-690Y_device=PB2PRO, 32.16872739, 34.81060785, 38.0, cactus, a0:4f:d4:42:ba:71, 1, -95.0, 
model=Lenovo PB2-690Y_device=PB2PRO, 32.16872739, 34.81060785, 38.0, KaymeraGuest, cc:16:7e:97:1d:92, 1, -95.0, 
model=SM-G950F_device=dreamlte, 32.16886678679371, 34.811834114991264, 30.280968090116644, LRWN, 0c:f4:d5:29:a2:9c, 36, -91.0, 
model=Lenovo PB2-690Y_device=PB2PRO, 32.16871153789453, 34.8107806266728, 38.32878387583535, A-Home, 00:25:86:b1:6f:f8, 6, -81.0, 
model=Lenovo PB2-690Y_device=PB2PRO, 32.16877222, 34.81164041, 36.0, LRWN, ec:8c:a2:08:a4:5c, 52, -69.0, 
model=SM-G950F_device=dreamlte, 32.168846097297546, 34.811787470063976, 28.29109853755457, LRWN, ec:8c:a2:09:dd:4c, 44, -70.0, 
model=SM-G950F_device=dreamlte, 32.16883185810145, 34.81177177270722, 33.42797381641868, HOTFiber-400D, 40:65:a3:2b:62:22, 6, -88.0, 
model=SM-G950F_device=dreamlte, 32.168846097297546, 34.811787470063976, 28.29109853755457, HOTFiber-400D, 40:65:a3:2b:62:0e, 6, -89.0, 
model=Lenovo PB2-690Y_device=PB2PRO, 32.16898017, 34.81188912, 37.0, SE-WiFi-Employees, 70:4c:a5:20:be:18, 1, -94.0, 
model=Lenovo PB2-690Y_device=PB2PRO, 32.16940316, 34.81209444, 40.0, Einav_1, 00:26:5a:10:b7:0a, 6, -82.0, 
model=Lenovo PB2-690Y_device=PB2PRO, 32.16915911039831, 34.81139799552586, 39.96628571979944, RS_GUEST, e4:6f:13:71:f5:ce, 9, -92.0, 
model=Lenovo PB2-690Y_device=PB2PRO, 32.16957200519619, 34.812214428213835, 29.96967339675363, nina, 20:0c:c8:2b:2a:14, 11, -92.0, 
model=Lenovo PB2-690Y_device=PB2PRO, 32.16958729, 34.81218021, 40.0, Nehalem_ISR, 08:ea:44:74:4b:d5, 1, -92.0, 
model=SM-G950F_device=dreamlte, 32.169638599895805, 34.81241905617503, 30.950144866852533, arama, 80:1f:02:36:04:d0, 11, -81.0, 
model=SM-G950F_device=dreamlte, 32.16966416871978, 34.81290809846955, 26.895740754787184, hilda, 00:30:4f:91:36:07, 6, -89.0, 
model=SM-G950F_device=dreamlte, 32.169866140731244, 34.81229808713617, 33.70984643017821, Astra, 00:21:63:4d:73:31, 6, -92.0, 
model=SM-G950F_device=dreamlte, 32.16994583718046, 34.81233207516354, 35.11659827043013, BezeqFree, 5a:ab:1b:62:0d:fd, 2, -93.0, 
model=Lenovo PB2-690Y_device=PB2PRO, 32.16977119, 34.81225463, 40.0, mazia, 14:ae:db:b2:5f:05, 1, -87.0, 
model=Lenovo PB2-690Y_device=PB2PRO, 32.17035229016859, 34.8125374317627, 34.25353345516409, TUCHLER, 00:26:5a:69:94:e3, 6, -81.0, 
model=Lenovo PB2-690Y_device=PB2PRO, 32.16988656182222, 34.81232499172284, 35.82031748972893, landau, 74:da:38:14:4b:88, 11, -81.0, 
model=Lenovo PB2-690Y_device=PB2PRO, 32.16944638347005, 34.812125301055566, 33.20873826929769, InnovationEndeavors, 74:da:38:a9:1c:df, 2, -83.0, 
model=Lenovo PB2-690Y_device=PB2PRO, 32.169878985083, 34.812301385593386, 32.00243196342115, klaiman, a0:ab:1b:62:0d:fc, 2, -86.0, 
model=Lenovo PB2-690Y_device=PB2PRO, 32.16957836633657, 34.812172573404, 38.128018442104995, Mehta_Up, f8:d1:11:b8:3b:7e, 6, -87.0, 
model=Lenovo PB2-690Y_device=PB2PRO, 32.17056851117144, 34.81260690787796, 37.025112252621405, UFI_UF230_B3F, 00:0b:6c:4d:1b:3f, 6, -89.0, 
model=Lenovo PB2-690Y_device=PB2PRO, 32.16933726070789, 34.81206168316308, 34.81972367566194, HOTBOX-8156, b4:ee:b4:a7:81:5c, 1, -92.0, 
model=SM-G950F_device=dreamlte, 32.17008696282602, 34.812394744661326, 36.17200778496826, HP-Print-8A-Deskjet 4640 series, 8c:dc:d4:6a:a9:8a, 11, -89.0, 
model=SM-G950F_device=dreamlte, 32.169976447948805, 34.812317495445285, 32.66148257739385, landau, d4:7b:b0:79:65:fc, 11, -92.0, 
model=Lenovo PB2-690Y_device=PB2PRO, 32.17025241653819, 34.8124659393186, 32.228521177117784, ter123, 70:4d:7b:0c:89:50, 6, -82.0, 
model=Lenovo PB2-690Y_device=PB2PRO, 32.17024947361429, 34.812460036753706, 33.276398294858645, HOTBOX-62EF, d8:fb:5e:17:62:f5, 1, -93.0, 
model=Lenovo PB2-690Y_device=PB2PRO, 32.17012573, 34.81242227, 44.0, Florida_Israel1, 48:ee:0c:3b:fa:1e, 1, -94.0, 
model=Lenovo PB2-690Y_device=PB2PRO, 32.17051502696843, 34.81258258209145, 38.246336330804425, hot, 00:1c:10:09:4f:bc, 3, -84.0, 
model=Lenovo PB2-690Y_device=PB2PRO, 32.170202626712985, 34.81244969935509, 37.55773751046276, geller, 00:78:9e:fa:3b:62, 11, -90.0, 
model=Lenovo PB2-690Y_device=PB2PRO, 32.17069719243674, 34.81267732595715, 37.159882852843054, Oded, 14:cc:20:76:b8:2a, 11, -89.0, 
model=SM-G950F_device=dreamlte, 32.17082091316396, 34.81273453589067, 36.84533335453751, Oded 2.4Ghz, 00:12:2a:e1:6c:48, 11, -83.0, 
model=Lenovo PB2-690Y_device=PB2PRO, 32.170868503229336, 34.81273786047971, 39.46025894583606, HOTBOX-2017, c0:ac:54:f5:7d:bd, 11, -87.0, 
model=Lenovo PB2-690Y_device=PB2PRO, 32.17080807716916, 34.812720451158654, 40.382527189721365, TP-LINK_76C08E, 14:cc:20:76:c0:8e, 1, -93.0, 
model=SM-G950F_device=dreamlte, 32.171141485343824, 34.81279703248537, 35.29383492537677, Oded 5Ghz, 00:12:2a:e1:6c:4c, 48, -84.0, 
model=Lenovo PB2-690Y_device=PB2PRO, 32.17090086449639, 34.81275697432857, 35.30630321556936, HP-Print-AF-Officejet Pro 6830, 28:80:23:40:5f:af, 6, -81.0, 
model=Lenovo PB2-690Y_device=PB2PRO, 32.17108000320257, 34.81296607296333, 33.93638557619318, sirocco_2.4o, c4:e9:84:83:1a:0a, 11, -91.0, 
model=SM-G950F_device=dreamlte, 32.171086853949404, 34.81326700900223, 36.985033559176514, yotam17, f8:ab:05:e9:6d:3d, 10, -85.0, 
model=Lenovo PB2-690Y_device=PB2PRO, 32.170341558137935, 34.81247663603448, 38.331034482758625, BezeqFree, 06:ae:db:48:af:4d, 9, -93.0, 
model=SM-G950F_device=dreamlte, 32.17198534972246, 34.81299603716402, 26.593085271027938, SHAHAF2.4, 20:0c:c8:0a:ef:2a, 11, -82.0, 
model=Lenovo PB2-690Y_device=PB2PRO, 32.17079035230741, 34.81313605066003, 38.67377585105157, Motti11, a4:2b:b0:d4:55:36, 6, -96.0, 
model=Lenovo PB2-690Y_device=PB2PRO, 32.17240894227467, 34.81332522126937, 34.66128723607833, HOTBOX-1A14, 00:07:26:4f:07:ae, 6, -91.0, 
model=Lenovo PB2-690Y_device=PB2PRO, 32.17232792, 34.81365654, 42.0, dobry2016_5, 6c:b0:ce:ac:32:9c, 60, -89.0, 
model=Lenovo PB2-690Y_device=PB2PRO, 32.17250753512107, 34.81264070700526, 39.17397837458457, DIRECT-CC-HP DeskJet 4670 series, 70:5a:0f:b2:64:cd, 6, -89.0, 
model=Lenovo PB2-690Y_device=PB2PRO, 32.17226318, 34.81420816, 40.0, Wifi, 74:44:01:39:09:86, 11, -93.0, 
model=Lenovo PB2-690Y_device=PB2PRO, 32.17227144981482, 34.81434255772347, 32.95515227992234, love, 14:ae:db:58:73:75, 1, -70.0, 
model=SM-G950F_device=dreamlte, 32.17218268216534, 34.81446401702757, 13.65040888895076, Efrat, 40:65:a3:35:4c:c4, 1, -75.0, 
model=SM-G950F_device=dreamlte, 32.172209259560766, 34.814448298318844, 15.376435938028058, Volvo247, 08:97:58:32:69:c6, 4, -81.0, 
model=Lenovo PB2-690Y_device=PB2PRO, 32.17228106, 34.81440381, 51.0, Zvi_2.4, 10:5a:f7:0f:d5:32, 11, -91.0, 
model=Lenovo PB2-690Y_device=PB2PRO, 32.17227827, 34.81413625, 45.0, BezeqFree, 62:ee:0c:3d:eb:b9, 9, -88.0, 
model=SM-G950F_device=dreamlte, 32.17228483399432, 34.814036899369874, 30.59005383029067, Chakir, 00:12:2a:35:c8:7c, 1, -86.0, 
model=Lenovo PB2-690Y_device=PB2PRO, 32.17241371391476, 34.81331935185695, 38.870839307891785, Lahav, b0:b2:8f:01:ad:fe, 11, -73.0, 
model=Lenovo PB2-690Y_device=PB2PRO, 32.1724094, 34.81316731, 41.0, GuyHila, 14:ae:db:ba:1e:85, 11, -76.0, 
model=SM-G950F_device=dreamlte, 32.172519525834645, 34.81244819705009, 35.373543021017, NIPPON_3687, 08:97:58:32:d2:98, 2, -88.0, 
model=Lenovo PB2-690Y_device=PB2PRO, 32.17250306, 34.81263803, 42.0, BS-WIFI-4EVER, fc:75:16:55:27:fa, 6, -94.0, 
model=SM-G950F_device=dreamlte, 32.1725225188478, 34.81247911919242, 31.651323099309945, Hotbox, 00:78:9e:f9:e8:58, 11, -91.0, 
model=Lenovo PB2-690Y_device=PB2PRO, 32.17253375, 34.81242662, 42.0, DIRECT-74-HP DeskJet 4670 series, 3c:52:82:af:42:75, 1, -59.0, 
model=Lenovo PB2-690Y_device=PB2PRO, 32.17226944, 34.81201158, 41.0, varda_HD, c4:12:f5:85:27:c1, 60, -88.0, 
model=SM-G950F_device=dreamlte, 32.17135803478369, 34.81168874408503, 31.090525572576983, ronkla2_5, 3c:1e:04:07:2a:ff, 48, -85.0, 
model=Lenovo PB2-690Y_device=PB2PRO, 32.1712926205347, 34.812243022487316, 33.69111416124605, maya salon, c4:a8:1d:12:df:c5, 1, -89.0, 
model=Lenovo PB2-690Y_device=PB2PRO, 32.1712926205347, 34.812243022487316, 33.69111416124605, @Cafe, 52:a8:1d:12:df:c4, 1, -92.0, 
model=Lenovo PB2-690Y_device=PB2PRO, 32.17134232, 34.81165241, 37.0, luxynet, 00:c0:02:0a:c6:c2, 7, -93.0, 
model=Lenovo PB2-690Y_device=PB2PRO, 32.17071181970333, 34.81133629425737, 31.229006218199256, Gana7_2GExt, 64:d9:54:e4:95:37, 5, -90.0, 
model=Lenovo PB2-690Y_device=PB2PRO, 32.1708157, 34.81137225, 32.0, Gana7, 48:ee:0c:3c:30:1e, 5, -93.0, 
model=Lenovo PB2-690Y_device=PB2PRO, 32.17042076152296, 34.811177101038275, 34.09463673243785, shlomi, d8:5d:4c:d9:c4:68, 1, -82.0, 
model=SM-G950F_device=dreamlte, 32.170210435825304, 34.81109193815903, 37.126482555376896, stephane, 00:24:2b:cf:13:21, 1, -82.0, 
model=SM-G950F_device=dreamlte, 32.170053389171805, 34.81099874038432, 30.62659341727973, HOTBOX-4D4E, 00:78:9e:fb:1e:09, 1, -91.0, 
model=Lenovo PB2-690Y_device=PB2PRO, 32.1699948, 34.81094348, 29.0, Eric 2.4, c4:a8:1d:13:2a:95, 1, -87.0, 
model=SM-G950F_device=dreamlte, 32.169859798228515, 34.81090683931405, 29.20725555348093, oved-main_2EX, 74:da:38:97:66:9d, 6, -78.0, 
model=Lenovo PB2-690Y_device=PB2PRO, 32.16983611, 34.81088834, 28.0, HOTBOX12, a0:8e:78:7f:2a:69, 1, -87.0, 
model=Lenovo PB2-690Y_device=PB2PRO, 32.16976769330606, 34.8108751870042, 34.22847321491322, bait, 10:be:f5:3f:b2:ce, 10, -94.0, 
model=SM-G950F_device=dreamlte, 32.16954359231113, 34.81078684756954, 28.63350445120207, oved-main, 74:da:39:54:b8:1d, 6, -83.0, 
model=Lenovo PB2-690Y_device=PB2PRO, 32.16970224, 34.81083489, 27.0, Li, c0:ac:54:f8:6b:28, 1, -80.0, 
model=Lenovo PB2-690Y_device=PB2PRO, 32.1695259502268, 34.810771923360825, 22.999999999999996, Ronizyc1, 48:ee:0c:39:f9:15, 5, -92.0, 
model=SM-G950F_device=dreamlte, 32.169473141765764, 34.810768158985404, 35.90922172480734, Lili, c4:12:f5:f9:5c:7c, 11, -86.0, 
model=SM-G950F_device=dreamlte, 32.169491346626565, 34.81077184677352, 30.418708757918328, Liliup, 74:da:38:c3:12:45, 2, -88.0, 
model=SM-G950F_device=dreamlte, 32.169410747654936, 34.810746447261735, 30.689782530076968, Alpha125, 10:fe:ed:74:fc:46, 1, -90.0, 
model=SM-G950F_device=dreamlte, 32.16939950952027, 34.81073876931651, 27.312818696124175, dlink-A09C, ac:f1:df:76:a0:9c, 11, -91.0, 
model=SM-G950F_device=dreamlte, 32.16937130579729, 34.81071844021892, 30.531266805503492, edimax_5G_A9241C, 74:da:38:a9:24:1c, 40, -82.0, 
model=Lenovo PB2-690Y_device=PB2PRO, 32.16937301, 34.81072683, 27.0, forestisthebest, c8:d7:19:d4:7c:73, 6, -93.0, 
model=SM-G950F_device=dreamlte, 32.16935940800852, 34.81072496254775, 29.922548673825318, spielman, 7c:b7:33:2b:c4:52, 1, -81.0, 
model=SM-G950F_device=dreamlte, 32.16935940800851, 34.810724962547745, 29.763062983319177, evanson, 7c:03:4c:fe:f6:68, 1, -93.0, 
model=Lenovo PB2-690Y_device=PB2PRO, 32.16936666, 34.81070436, 31.0, forestisthebest-guest, c8:d7:19:d4:7c:75, 6, -94.0, 
model=Lenovo PB2-690Y_device=PB2PRO, 32.16935676, 34.81068889, 29.0, BezeqFree, 62:be:f5:40:26:83, 10, -96.0, 
model=Lenovo PB2-690Y_device=PB2PRO, 32.16923806, 34.81066982, 25.0, Home, 34:36:3b:c2:be:b8, 11, -91.0, 
model=SM-G950F_device=dreamlte, 32.16917019230133, 34.8106650271149, 28.810367981340118, Jamcanup, 74:da:38:c3:0d:6b, 2, -87.0, 
model=SM-G950F_device=dreamlte, 32.16917019230133, 34.8106650271149, 28.810367981340118, Jamcandown, 74:da:38:b6:f6:c9, 4, -89.0, 
model=SM-G950F_device=dreamlte, 32.16917019230133, 34.8106650271149, 28.773555043061783, edimax_2.4G_ruty, 74:da:38:d3:bb:81, 2, -80.0, 
model=Lenovo PB2-690Y_device=PB2PRO, 32.16916884, 34.81065234, 31.000000000000004, Home, 10:be:f5:40:26:82, 10, -89.0, 
model=SM-G950F_device=dreamlte, 32.168881406149175, 34.81057058716543, 27.5643827071327, iFOREX, f8:d1:11:b1:92:93, 6, -91.0, 
model=Lenovo PB2-690Y_device=PB2PRO, 32.16881074798033, 34.81059930051881, 29.154182674874164, DIRECT-a8-HP M477 LaserJet, aa:6b:ad:04:c6:a8, 1, -94.0, 
model=Lenovo PB2-690Y_device=PB2PRO, 32.16876228, 34.81066791, 31.0, Levy, f8:ab:05:46:de:55, 10, -85.0, 
model=SM-G950F_device=dreamlte, 32.1688409858781, 34.81177021587016, 28.244975632892704, LRWN, ec:8c:a2:09:dd:48, 11, -91.0, 
model=SM-G950F_device=dreamlte, 32.16875525343879, 34.81129910090613, 26.895184619901016, HOTBOX111, c0:ac:54:f6:ae:5e, 11, -77.0, 
model=SM-G950F_device=dreamlte, 32.16883769901991, 34.81174537287164, 26.96056003278366, HOTFiber-400D, b4:ee:b4:36:dd:b9, 6, -89.0, 
model=SM-G950F_device=dreamlte, 32.16889805537721, 34.81183319930766, 27.057519941460445, Talfamily, e0:ce:c3:86:a7:9e, 1, -80.0, 
model=SM-G950F_device=dreamlte, 32.16927107246911, 34.81201044802282, 27.21999505256496, Fuck Off Yourself, 16:ae:db:c1:ae:55, 9, -79.0, 
model=SM-G950F_device=dreamlte, 32.16927107246911, 34.81201044802282, 27.21999505256496, Fuck Off ext, a4:2b:b0:e0:3a:01, 11, -80.0, 
model=SM-G950F_device=dreamlte, 32.16927107246911, 34.81201044802282, 27.21999505256496, Mheta_AP, 86:2a:a8:eb:a9:60, 6, -90.0, 
model=Lenovo PB2-690Y_device=PB2PRO, 32.16957574, 34.81265851, 32.0, HOTFiber arama, e0:ce:c3:23:12:30, 1, -76.0, 
model=SM-G950F_device=dreamlte, 32.1695720901851, 34.813408321637986, 27.26150168083893, DIRECT-29-HP OfficeJet Pro 8710, ec:8e:b5:05:57:19, 6, -91.0, 
model=Lenovo PB2-690Y_device=PB2PRO, 32.1696487, 34.81343376, 35.0, hilda, 00:30:4f:91:38:b3, 6, -73.0, 
model=Lenovo PB2-690Y_device=PB2PRO, 32.1696487, 34.81343376, 35.0, Bezeq Free 836CFE, 52:0d:7f:83:6c:ff, 11, -90.0, 
model=Lenovo PB2-690Y_device=PB2PRO, 32.1696487, 34.81343376, 35.0, NETGEAR_DGN2200, 10:0d:7f:83:6c:fe, 11, -93.0, 
model=Lenovo PB2-690Y_device=PB2PRO, 32.1696487, 34.81343376, 35.0, Ab, 90:8d:78:54:d9:69, 10, -95.0, 
model=Lenovo PB2-690Y_device=PB2PRO, 32.16981779, 34.81346387, 35.0, kawasaki, 48:ee:0c:3b:ac:5a, 11, -75.0, 
model=Lenovo PB2-690Y_device=PB2PRO, 32.16981779, 34.81346387, 35.0, Bezeq Free, 62:ee:0c:3b:ac:5b, 11, -75.0, 
model=Lenovo PB2-690Y_device=PB2PRO, 32.17004926, 34.81351135, 36.0, shmulik, d0:d4:12:64:05:12, 11, -80.0, 
model=SM-G950F_device=dreamlte, 32.17010132675571, 34.813514176763185, 29.07004588283799, dlink, 00:24:01:18:99:57, 6, -67.0, 
model=SM-G950F_device=dreamlte, 32.170170132064115, 34.81352449267642, 29.249021694996593, orange, 00:21:04:e7:95:da, 1, -90.0, 
model=SM-G950F_device=dreamlte, 32.17010132675571, 34.813514176763185, 29.07004588283799, Bezeq Free, 62:19:8f:46:9f:bf, 6, -94.0, 
model=Lenovo PB2-690Y_device=PB2PRO, 32.17021581, 34.81353649, 37.0, Pantum-AP-9DDCCB, 28:f3:66:9d:dc:cb, 11, -84.0, 
model=Lenovo PB2-690Y_device=PB2PRO, 32.17035534379865, 34.81357135493597, 33.572588454452514, Daizad, e8:cc:18:ac:1a:52, 7, -72.0, 
model=Lenovo PB2-690Y_device=PB2PRO, 32.170487168922214, 34.81357712590936, 33.876474734454796, Is, 16:0c:c3:ee:27:39, 6, -83.0, 
model=Lenovo PB2-690Y_device=PB2PRO, 32.170409995684516, 34.81356407413727, 33.51222275002363, HOTBOX-F028, 00:78:9e:fa:6f:c3, 1, -85.0, 
model=Lenovo PB2-690Y_device=PB2PRO, 32.17075093365859, 34.8136225537964, 35.5586793696, Beni, c4:12:f5:f4:82:42, 9, -96.0, 
model=SM-G950F_device=dreamlte, 32.17051569712217, 34.81357943076238, 35.327251128099576, HOTBOX-F028, 18:1e:78:86:03:15, 1, -76.0, 
model=Lenovo PB2-690Y_device=PB2PRO, 32.17060663420809, 34.81359488365926, 39.00569371782518, amnon, c0:ac:54:f8:6c:8a, 6, -87.0, 
model=Lenovo PB2-690Y_device=PB2PRO, 32.170550716630814, 34.81359529804707, 36.05324846305567, yotam17, b0:b2:8f:36:a2:b3, 10, -91.0, 
model=SM-G950F_device=dreamlte, 32.17106726187762, 34.813471524887646, 36.99988374192418, My_Internet, fc:75:16:2e:5a:47, 10, -90.0, 
model=Lenovo PB2-690Y_device=PB2PRO, 32.17085256612514, 34.813646761501445, 32.677477305537764, HOTBOX, c0:ac:54:f7:42:60, 1, -82.0, 
model=Lenovo PB2-690Y_device=PB2PRO, 32.17096232244188, 34.813630589434325, 35.419097211942145, HOTBOX111, c0:ac:54:f7:3c:c2, 1, -89.0, 
model=Lenovo PB2-690Y_device=PB2PRO, 32.17105868969126, 34.813512659941985, 34.15162999539643, MNP_HOME_2.4GHz_1, 04:a1:51:e0:5f:ee, 6, -81.0, 
model=Lenovo PB2-690Y_device=PB2PRO, 32.17105868969126, 34.813512659941985, 34.15162999539643, test012, 00:12:2a:d2:0c:38, 1, -87.0, 
model=Lenovo PB2-690Y_device=PB2PRO, 32.17107920295568, 34.81323132789143, 36.337712633193895, nurit, a0:4f:d4:45:1f:a1, 1, -95.0, 
model=Lenovo PB2-690Y_device=PB2PRO, 32.17106811300088, 34.81331975378659, 33.91672107658706, Yotam _ work _ room, d8:5d:4c:d1:4d:b0, 9, -75.0, 
model=Lenovo PB2-690Y_device=PB2PRO, 32.17108766733979, 34.813344950294926, 35.37583005678115, Yotam_Shir, 00:26:5a:24:f4:f0, 8, -90.0, 
model=SM-G950F_device=dreamlte, 32.171087291072645, 34.813179359127, 32.49704195922313, tal, 90:8d:78:54:22:a2, 1, -87.0, 
model=Lenovo PB2-690Y_device=PB2PRO, 32.17109256117601, 34.81311223239108, 36.74473437605469, tal2, 90:8d:78:54:22:a1, 60, -86.0, 
model=Lenovo PB2-690Y_device=PB2PRO, 32.1710969547883, 34.81305799622997, 36.57866524954783, sirocco_2.4o, 14:cc:20:09:3c:b9, 11, -93.0, 
model=SM-G950F_device=dreamlte, 32.17110146689436, 34.81301639104741, 33.50227451919689, 044870715, 14:ae:db:b7:ab:ad, 6, -81.0, 
model=SM-G950F_device=dreamlte, 32.171256403412514, 34.81301436137125, 29.845200358854264, DIRECT-75-HP DeskJet 4670 series, b0:5a:da:fa:44:76, 6, -87.0, 
model=Lenovo PB2-690Y_device=PB2PRO, 32.17110218, 34.81293682, 39.0, yotam17, 7c:b7:33:ea:b8:ff, 10, -93.0, 
model=Lenovo PB2-690Y_device=PB2PRO, 32.170769041178694, 34.8127096551162, 35.76706795451998, Laufer-wifi, 4c:60:de:51:8b:ca, 11, -93.0, 
model=SM-G950F_device=dreamlte, 32.170203204682736, 34.81248447848132, 34.90574762557573, SIEMENS_LivingRoom, d4:6e:0e:3c:44:e1, 1, -83.0, 
model=Lenovo PB2-690Y_device=PB2PRO, 32.17027834, 34.81274376, 40.0, edimax.setup, 74:da:38:c6:57:9b, 9, -71.0, 
model=Lenovo PB2-690Y_device=PB2PRO, 32.17027291342784, 34.81276348996258, 34.5068438551411, TP-LINK_E3CA, 84:16:f9:e4:e3:ca, 9, -77.0, 
model=Lenovo PB2-690Y_device=PB2PRO, 32.17024426702165, 34.812648483395485, 32.77095043991668, frank, e8:94:f6:e2:6e:4b, 6, -80.0, 
model=SM-G950F_device=dreamlte, 32.17024204862788, 34.813533118254576, 29.09677084835438, Daizad, e8:cc:18:ac:1b:e1, 3, -90.0, 
model=SM-G950F_device=dreamlte, 32.17094894909989, 34.81367243117691, 29.871227188060253, Baruch_2.4, 10:5a:f7:08:27:71, 6, -90.0, 
model=Lenovo PB2-690Y_device=PB2PRO, 32.17103853, 34.81359455, 43.0, Partner-4G-B6D4, a8:c8:3a:35:b6:d4, 1, -92.0, 
model=SM-G950F_device=dreamlte, 32.17092410916535, 34.81275918581424, 29.998889595076953, claire, cc:b2:55:67:2b:85, 6, -90.0, 
model=SM-G950F_device=dreamlte, 32.17092410916535, 34.81275918581424, 29.998889595076953, Bezeq Free 672B84, 62:b2:55:67:2b:86, 6, -92.0, 
model=Lenovo PB2-690Y_device=PB2PRO, 32.17074693, 34.8126719, 38.0, motti-5ghz, a4:2b:b0:d4:55:38, 40, -88.0, 
model=Lenovo PB2-690Y_device=PB2PRO, 32.17021904424779, 34.81241710017699, 40.0, hot, 00:14:bf:42:7e:96, 9, -88.0, 
model=Lenovo PB2-690Y_device=PB2PRO, 32.17013195, 34.81237323, 40.0, hot, 18:d6:c7:97:bd:2a, 11, -86.0, 
model=Lenovo PB2-690Y_device=PB2PRO, 32.1696690287121, 34.81218657814939, 35.250766950154464, DIRECT-1C-HP DeskJet 3830 series, 94:57:a5:4b:4f:41, 6, -77.0, 
model=Lenovo PB2-690Y_device=PB2PRO, 32.16929824901474, 34.81201572882817, 38.491247228516336, Home, 82:2a:a8:bf:94:29, 11, -70.0, 
model=SM-G950F_device=dreamlte, 32.16921657591955, 34.8119993015223, 30.246080183177583, WR, 00:30:4f:82:7b:30, 11, -89.0, 
model=SM-G950F_device=dreamlte, 32.16950127229467, 34.812140022883256, 29.930103436290864, HOTBOX-651B, 54:64:d9:5f:59:83, 1, -77.0, 
model=Lenovo PB2-690Y_device=PB2PRO, 32.16902986, 34.81190459, 33.0, Fuck Off, 14:cc:20:da:ab:9a, 11, -77.0, 
model=Lenovo PB2-690Y_device=PB2PRO, 32.16942426, 34.81209986, 36.0, Home, 82:2a:a8:bf:93:e5, 1, -85.0, 
model=Lenovo PB2-690Y_device=PB2PRO, 32.170409635313014, 34.81253033272143, 35.37451756555825, Siemens, d0:d4:12:5e:db:f2, 11, -82.0, 
model=Lenovo PB2-690Y_device=PB2PRO, 32.17053537, 34.81259485, 37.0, Gillad-1_2.4, c4:04:15:64:e8:cc, 11, -77.0, 
model=Lenovo PB2-690Y_device=PB2PRO, 32.1718612, 34.81297848, 39.0, HOTBOX-747B, e8:d1:1b:72:74:81, 1, -91.0, 
model=Lenovo PB2-690Y_device=PB2PRO, 32.17230215, 34.81400233, 37.0, Ben-Eliyahu_PC, 80:1f:02:d4:9a:92, 10, -92.0, 
model=Lenovo PB2-690Y_device=PB2PRO, 32.17223176, 34.81443004, 45.0, HUAWEI-00F1, 14:9d:09:80:00:f1, 6, -85.0, 
model=SM-G950F_device=dreamlte, 32.17225212835577, 34.814198628481, 48.24472126261437, BezeqFree, 06:ae:db:58:73:75, 1, -74.0, 
model=Lenovo PB2-690Y_device=PB2PRO, 32.17231274451436, 34.813914433304824, 39.78130726939524, Basement, f4:f2:6d:af:45:26, 3, -93.0, 
model=SM-G950F_device=dreamlte, 32.17230692344676, 34.81390382396507, 46.72223219542287, Lahav, fc:b4:e6:d2:86:9e, 11, -81.0, 
model=SM-G950F_device=dreamlte, 32.17257421641877, 34.81234245317759, 43.21979901905486, DIRECT-56-HP OfficeJet 6950, 30:e1:71:be:67:57, 11, -90.0, 
model=Lenovo PB2-690Y_device=PB2PRO, 32.170756655818515, 34.81134200550574, 28.224541140145234, GFCM, 14:ae:db:32:d5:c2, 4, -92.0, 
model=SM-G950F_device=dreamlte, 32.17244369050431, 34.81206365704524, 42.92341219500959, kenley-up, 88:dc:96:3b:f5:e0, 6, -87.0, 
model=SM-G950F_device=dreamlte, 32.171773657455525, 34.81183741979604, 41.75368557840066, Liza, 8c:59:c3:ea:db:4b, 36, -91.0, 
model=Lenovo PB2-690Y_device=PB2PRO, 32.17139649726681, 34.81167748205791, 37.05950372579244, SEW132_23574336, 08:97:58:31:e0:c6, 3, -87.0, 
model=Lenovo PB2-690Y_device=PB2PRO, 32.17153243, 34.81172407, 30.999999999999996, Shani - Green, 54:b8:0a:34:78:d0, 6, -88.0, 
model=SM-G950F_device=dreamlte, 32.17134387611023, 34.8116686534985, 41.11423605499236, HOTBOX-1966, 6c:2e:85:fe:da:b8, 6, -75.0, 
model=SM-G950F_device=dreamlte, 32.17134387611023, 34.8116686534985, 41.11423605499236, ronkla2, 3c:1e:04:07:2a:fe, 6, -80.0, 
model=Lenovo PB2-690Y_device=PB2PRO, 32.17063751, 34.81125367, 31.0, David, c4:12:f5:82:92:78, 9, -96.0, 
model=SM-G950F_device=dreamlte, 32.17043396075468, 34.811192695822456, 36.39248212097825, gononsmarthome, 18:cc:23:00:18:45, 3, -89.0, 
model=Lenovo PB2-690Y_device=PB2PRO, 32.16991824, 34.81090236, 25.0, UnKnown, fa:8f:ca:35:6e:e9, 1, -86.0, 
model=SM-G950F_device=dreamlte, 32.1699449632106, 34.81096823595285, 41.15224303065266, Rozenkrants, 86:2a:a8:a1:a0:b5, 1, -89.0, 
model=SM-G950F_device=dreamlte, 32.16969384158719, 34.810860989133886, 40.951736594141536, oved-main_2EX, 74:da:38:54:b8:1c, 6, -80.0, 
model=SM-G950F_device=dreamlte, 32.169457779876055, 34.81076504710256, 40.54230601717542, HOTBOX-2E6E, b0:b2:8f:1e:ea:68, 11, -81.0, 
model=SM-G950F_device=dreamlte, 32.16881183895412, 34.81174970350504, 40.650001121744175, HP-Setup>77-M277 LaserJet, 92:cd:b6:2b:e9:77, 1, -87.0, 
model=Lenovo PB2-690Y_device=PB2PRO, 32.1695048, 34.81211179, 27.0, DIRECT-A5-HP DeskJet 3700 series, 40:b0:34:62:33:a6, 6, -87.0, 
model=SM-G950F_device=dreamlte, 32.170057133113836, 34.81237055794914, 35.28990199430505, InnovationEndeavors-guest, 14:ae:db:48:af:4d, 9, -91.0, 
model=SM-G950F_device=dreamlte, 32.16990270213623, 34.8122907961312, 35.24733068703518, snapper1, 00:78:9e:fa:0e:db, 1, -91.0, 
model=SM-G950F_device=dreamlte, 32.17225793952015, 34.81441454466233, 40.08129430873258, Km, 48:ee:0c:3d:eb:b8, 9, -85.0, 
model=SM-G950F_device=dreamlte, 32.17225793952015, 34.81441454466233, 40.08129430873258, HUAWEI-009D, 14:9d:09:80:00:9d, 4, -86.0, 
model=Lenovo PB2-690Y_device=PB2PRO, 32.17237924, 34.81348839, 36.0, HOTBOX-1234, 7c:03:4c:ba:f5:5a, 6, -75.0, 
model=Lenovo PB2-690Y_device=PB2PRO, 32.17206721, 34.811927280000006, 32.0, alfa, f4:f2:6d:5e:d0:48, 11, -96.0, 
model=Lenovo PB2-690Y_device=PB2PRO, 32.17180755, 34.81183239, 31.000000000000004, BezeqNGN_10072E_5GHz_1, c4:04:15:60:6a:b6, 48, -82.0, 
model=Lenovo PB2-690Y_device=PB2PRO, 32.17106538, 34.81150977, 30.0, G10, c0:ac:54:f8:0c:ac, 11, -94.0, 
model=Lenovo PB2-690Y_device=PB2PRO, 32.17106538, 34.81150977, 30.0, TP-LINK-BET, f8:d1:11:ce:e5:e6, 4, -96.0, 
model=Lenovo PB2-690Y_device=PB2PRO, 32.17043936, 34.81118089, 28.999999999999996, Hetz2, 74:da:38:6c:89:7b, 1, -83.0, 
model=Lenovo PB2-690Y_device=PB2PRO, 32.17043936, 34.81118089, 28.999999999999996, DIRECT-85-HP OfficeJet Pro 6960, 98:e7:f4:0a:dd:86, 6, -89.0, 
model=Lenovo PB2-690Y_device=PB2PRO, 32.16871788, 34.811185, 29.0, Avisky, 00:78:9e:fa:b2:d0, 11, -91.0, 
model=Lenovo PB2-690Y_device=PB2PRO, 32.16879785, 34.81168165, 32.0, Talfamily2, 90:8d:78:b6:28:f6, 5, -62.0, 
model=Lenovo PB2-690Y_device=PB2PRO, 32.16968439, 34.8121884, 31.0, HOTBOX-C18E, e0:ce:c3:8c:c1:94, 1, -93.0, 
model=Lenovo PB2-690Y_device=PB2PRO, 32.17146616, 34.81290244, 38.0, Floor 2, 74:da:38:b6:f3:7a, 2, -94.0, 
model=Lenovo PB2-690Y_device=PB2PRO, 32.17231097, 34.81407594, 39.0, DIRECT-F6-HP DeskJet 3830 series, 30:e1:71:fb:1e:f7, 11, -92.0, 
