2017-12-03 08:37:10, model=SM-G950F_device=dreamlte, 32.102529803081474, 35.2073198916877, 699.8860444903257, afikim-wifi, 00:1a:dd:e3:06:e4, 1, -78.0, 
2017-12-03 08:37:10, model=SM-G950F_device=dreamlte, 32.102529803081474, 35.2073198916877, 699.8860444903257, Moria, d8:fe:e3:03:5a:31, 6, -83.0, 
2017-12-03 08:37:10, model=SM-G950F_device=dreamlte, 32.10253330333696, 35.20726399020641, 699.287760530489, AUC_51_3, 00:27:19:e3:2d:fe, 1, -86.0, 
2017-12-03 08:37:10, model=SM-G950F_device=dreamlte, 32.10357224775474, 35.20799324740713, 694.0278211000115, AUC_54_R, 00:25:86:cc:00:f8, 5, -86.0, 
2017-12-03 08:37:10, model=SM-G950F_device=dreamlte, 32.10253330333696, 35.20726399020641, 699.287760530489, surikat, 14:ae:db:32:52:12, 6, -89.0, 
2017-12-03 08:37:10, model=SM-G950F_device=dreamlte, 32.10280678507409, 35.20912837502614, 700.1256942582883, Ariel_University, 1c:b9:c4:16:f1:98, 11, -90.0, 
2017-12-03 08:37:10, model=SM-G950F_device=dreamlte, 32.10253330333696, 35.20726399020641, 699.287760530489, afikim-wifi, 34:0b:01:19:21:42, 7, -91.0, 
2017-12-03 08:37:13, model=SM-G950F_device=dreamlte, 32.102528187003614, 35.20734570155965, 700.1622738859833, Lidor a, a0:4f:d4:3b:e9:01, 6, -84.0, 
2017-12-03 08:37:13, model=SM-G950F_device=dreamlte, 32.102528187003614, 35.20734570155965, 700.1622738859833, tanya, 14:ae:db:3a:64:05, 1, -86.0, 
2017-12-03 08:37:13, model=SM-G950F_device=dreamlte, 32.102528187003614, 35.20734570155965, 700.1622738859833, Hagar, 10:be:f5:3b:68:2c, 11, -87.0, 
2017-12-03 08:37:13, model=SM-G950F_device=dreamlte, 32.102860683557644, 35.208142820000596, 699.7470175270491, Ariel_University, 1c:b9:c4:16:f4:7c, 36, -87.0, 
2017-12-03 08:37:13, model=SM-G950F_device=dreamlte, 32.10266909791354, 35.20745683734408, 697.251179934801, Ariel_University, ec:8c:a2:08:a9:38, 6, -88.0, 
2017-12-03 08:37:13, model=SM-G950F_device=dreamlte, 32.102528187003614, 35.20734570155965, 700.1622738859833, Yan, 00:21:04:4c:2a:a2, 6, -89.0, 
2017-12-03 08:37:13, model=SM-G950F_device=dreamlte, 32.102528187003614, 35.20734570155965, 700.1622738859833, Cellcom-WiFi_0123, a0:4f:d4:3a:a0:e1, 11, -89.0, 
2017-12-03 08:37:13, model=SM-G950F_device=dreamlte, 32.102941179671646, 35.208204685817286, 700.2619871817296, Ariel_University, ec:8c:a2:08:94:1c, 44, -89.0, 
2017-12-03 08:37:15, model=SM-G950F_device=dreamlte, 32.10285563033518, 35.209032082542535, 691.7178916511139, Ariel_University, ec:8c:a2:08:94:18, 1, -76.0, 
2017-12-03 08:37:15, model=SM-G950F_device=dreamlte, 32.10251814263996, 35.20734901460898, 698.9056862429085, Sveta, d0:0f:6d:f1:35:2f, 4, -85.0, 
2017-12-03 08:37:15, model=SM-G950F_device=dreamlte, 32.10251814263996, 35.20734901460898, 698.9056862429085, ear, a0:ab:1b:59:55:54, 1, -85.0, 
2017-12-03 08:37:15, model=SM-G950F_device=dreamlte, 32.10251814263996, 35.20734901460898, 698.9056862429085, Knoch, b0:48:7a:a1:80:8c, 4, -86.0, 
2017-12-03 08:37:15, model=SM-G950F_device=dreamlte, 32.10251814263996, 35.20734901460898, 698.9056862429085, LARISA, 10:be:f5:39:8f:f2, 3, -86.0, 
2017-12-03 08:37:15, model=SM-G950F_device=dreamlte, 32.10251814263996, 35.20734901460898, 698.9056862429085, netbox-550b, 00:12:2a:39:2c:3c, 1, -86.0, 
2017-12-03 08:37:15, model=SM-G950F_device=dreamlte, 32.10251814263996, 35.20734901460898, 698.9056862429085, Home, 10:be:f5:a7:b4:f4, 7, -87.0, 
2017-12-03 08:37:15, model=SM-G950F_device=dreamlte, 32.10230261070301, 35.20886720624599, 694.4841704997156, UnKnown, 1c:b9:c4:96:f1:97, 60, -88.0, 
2017-12-03 08:37:15, model=SM-G950F_device=dreamlte, 32.10335101266985, 35.208879456589834, 707.0093041873203, Ariel_University, ec:8c:a2:08:78:cc, 48, -89.0, 
2017-12-03 08:37:15, model=SM-G950F_device=dreamlte, 32.103264963098006, 35.20907852824332, 703.0623949819893, Ariel_University, 1c:b9:c4:16:d2:88, 11, -92.0, 
2017-12-03 08:37:18, model=SM-G950F_device=dreamlte, 32.10251581558651, 35.207339181669674, 697.993173771496, BEZEQINT-8831, 14:ae:db:43:88:35, 6, -85.0, 
2017-12-03 08:37:18, model=SM-G950F_device=dreamlte, 32.10281447386213, 35.20758104767403, 693.2074095942437, Ariel_University, ec:8c:a2:09:03:38, 1, -85.0, 
2017-12-03 08:37:18, model=SM-G950F_device=dreamlte, 32.10311601929099, 35.20872672752705, 692.1266097441135, Ariel_University, 1c:b9:c4:14:33:c8, 11, -90.0, 
2017-12-03 08:37:18, model=SM-G950F_device=dreamlte, 32.10246452957317, 35.209103263854985, 708.2750538520346, UnKnown, 1c:b9:c4:96:28:f7, 36, -91.0, 
2017-12-03 08:37:21, model=SM-G950F_device=dreamlte, 32.10284502002966, 35.20826673807586, 693.4836786148667, UnKnown, 1c:b9:c4:96:f4:77, 36, -85.0, 
2017-12-03 08:37:21, model=SM-G950F_device=dreamlte, 32.10315385640782, 35.2085006084287, 689.9369648133796, UnKnown, ec:8c:a2:88:94:17, 44, -86.0, 
2017-12-03 08:37:24, model=SM-G950F_device=dreamlte, 32.10251743683182, 35.2073387273908, 695.5775665899107, victoria, 00:8c:54:90:ce:d1, 11, -89.0, 
2017-12-03 08:37:24, model=SM-G950F_device=dreamlte, 32.10276340362611, 35.20925457518936, 695.5785656728445, Ariel_University, ec:8c:a2:08:78:c8, 6, -89.0, 
2017-12-03 08:37:27, model=SM-G950F_device=dreamlte, 32.102458386443125, 35.20743113335047, 694.8881937656644, BezeqFree, 06:ae:db:3a:64:05, 1, -84.0, 
2017-12-03 08:37:27, model=SM-G950F_device=dreamlte, 32.10247719771577, 35.20908974501684, 690.8431094479089, Ariel_University, 1c:b9:c4:14:33:cc, 48, -89.0, 
2017-12-03 08:37:27, model=SM-G950F_device=dreamlte, 32.102458386443125, 35.20743113335047, 694.8881937656644, Mama, 14:ae:db:cb:05:f5, 11, -90.0, 
2017-12-03 08:37:27, model=SM-G950F_device=dreamlte, 32.10289799623351, 35.208456410376726, 699.0361036185107, SGH-I337M, ec:9b:f3:26:ab:3a, 6, -92.0, 
2017-12-03 08:37:30, model=SM-G950F_device=dreamlte, 32.10246378160256, 35.207563401001366, 694.129943277534, Hoom_2.4, 80:37:73:d7:ab:3a, 1, -88.0, 
2017-12-03 08:37:33, model=SM-G950F_device=dreamlte, 32.10316601675594, 35.207711392093415, 691.7575664541357, UnKnown, ec:8c:a2:89:03:37, 44, -77.0, 
2017-12-03 08:37:33, model=SM-G950F_device=dreamlte, 32.10316601675594, 35.207711392093415, 691.7575664541357, Ariel_University, ec:8c:a2:09:03:3c, 44, -77.0, 
2017-12-03 08:37:33, model=SM-G950F_device=dreamlte, 32.103136807539535, 35.2088667128581, 705.698723579241, Ariel_University, 1c:b9:c4:16:d2:8c, 44, -88.0, 
2017-12-03 08:37:33, model=SM-G950F_device=dreamlte, 32.10258798763252, 35.20759021123835, 693.1085203108703, __ery, 14:ae:db:58:0d:6d, 11, -91.0, 
2017-12-03 08:37:36, model=SM-G950F_device=dreamlte, 32.10263460161589, 35.20757686137406, 692.0341048029707, bezek freeee, cc:fa:00:ae:93:46, 6, -86.0, 
2017-12-03 08:37:36, model=SM-G950F_device=dreamlte, 32.10263460161589, 35.20757686137406, 692.0341048029707, vladimir, 00:0e:f4:c1:50:14, 11, -92.0, 
2017-12-03 08:37:39, model=SM-G950F_device=dreamlte, 32.10294522725105, 35.20767327460506, 691.0835484362619, Ariel_University, ec:8c:a2:08:a9:3c, 36, -90.0, 
2017-12-03 08:37:39, model=SM-G950F_device=dreamlte, 32.102529517025836, 35.2092368340011, 689.617146648529, Ariel_University, 1c:b9:c4:16:28:f8, 6, -91.0, 
2017-12-03 08:37:42, model=SM-G950F_device=dreamlte, 32.102861507686676, 35.2076291986019, 691.1036071541976, HOTFiber-3C40, a4:08:f5:20:72:6a, 1, -87.0, 
2017-12-03 08:37:42, model=SM-G950F_device=dreamlte, 32.102861507686676, 35.2076291986019, 691.1036071541976, Ariel_University, ec:8c:a2:08:77:48, 6, -88.0, 
2017-12-03 08:37:42, model=SM-G950F_device=dreamlte, 32.10321664682351, 35.20826918117395, 691.9607233238079, Biren2809, 14:ae:db:cf:86:f5, 11, -91.0, 
2017-12-03 08:37:45, model=SM-G950F_device=dreamlte, 32.10291214736444, 35.20880211812461, 703.9522546442033, Ariel_University, 1c:b9:c4:16:f4:78, 1, -78.0, 
2017-12-03 08:37:45, model=SM-G950F_device=dreamlte, 32.10297429619621, 35.20769754582129, 690.9460551220589, UnKnown, 1c:b9:c4:96:d2:87, 44, -89.0, 
2017-12-03 08:37:45, model=SM-G950F_device=dreamlte, 32.10297429619621, 35.20769754582129, 690.9460551220589, Ariel_University, ec:8c:a2:09:93:b8, 11, -90.0, 
2017-12-03 08:37:49, model=SM-G950F_device=dreamlte, 32.103226618984266, 35.207765066424614, 690.8281282520485, Ariel_University, ec:8c:a2:08:7a:1c, 44, -89.0, 
2017-12-03 08:37:52, model=SM-G950F_device=dreamlte, 32.103344240445914, 35.20778430211839, 690.7380618489858, Ariel_University, ec:8c:a2:08:a9:28, 11, -87.0, 
2017-12-03 08:37:52, model=SM-G950F_device=dreamlte, 32.10321098657589, 35.20775910505026, 690.8433243208839, Ariel_University, ec:8c:a2:09:0c:cc, 44, -88.0, 
2017-12-03 08:37:52, model=SM-G950F_device=dreamlte, 32.10317578496331, 35.2077533608269, 690.8658803245012, Ariel_University, ec:8c:a2:08:78:3c, 40, -89.0, 
2017-12-03 08:37:52, model=SM-G950F_device=dreamlte, 32.103680041758906, 35.20782102827283, 690.4496636948845, Ariel_University, ec:8c:a2:08:a9:2c, 44, -91.0, 
2017-12-03 08:37:55, model=SM-G950F_device=dreamlte, 32.10379877363638, 35.20782003198621, 690.409078010723, UnKnown, ec:8c:a2:88:a9:27, 44, -81.0, 
2017-12-03 08:37:55, model=SM-G950F_device=dreamlte, 32.103254567862166, 35.20776621667453, 690.8153989055744, UnKnown, ec:8c:a2:88:a9:37, 36, -81.0, 
2017-12-03 08:37:55, model=SM-G950F_device=dreamlte, 32.103254567862166, 35.20776621667453, 690.8153989055744, Ariel_University, ec:8c:a2:26:ae:28, 11, -88.0, 
2017-12-03 08:37:55, model=SM-G950F_device=dreamlte, 32.103254567862166, 35.20776621667453, 690.8153989055744, richman, a0:4f:d4:46:a9:e1, 11, -92.0, 
2017-12-03 08:37:58, model=SM-G950F_device=dreamlte, 32.10377787980504, 35.20782590179721, 690.4274628299759, UnKnown, ec:8c:a2:88:7a:17, 44, -71.0, 
2017-12-03 08:37:58, model=SM-G950F_device=dreamlte, 32.10377787980504, 35.20782590179721, 690.4274628299759, Ariel_University, ec:8c:a2:08:7a:18, 1, -71.0, 
2017-12-03 08:37:58, model=SM-G950F_device=dreamlte, 32.103323385092075, 35.20778662747971, 690.7687922307229, Ariel_University, ec:8c:a2:08:78:38, 1, -81.0, 
2017-12-03 08:37:58, model=SM-G950F_device=dreamlte, 32.103323385092075, 35.20778662747971, 690.7687922307229, Ariel_University, ec:8c:a2:26:b0:58, 6, -84.0, 
2017-12-03 08:37:58, model=SM-G950F_device=dreamlte, 32.103323385092075, 35.20778662747971, 690.7687922307229, UnKnown, ec:8c:a2:88:78:37, 40, -90.0, 
2017-12-03 08:37:58, model=SM-G950F_device=dreamlte, 32.103612867271345, 35.207822350605845, 690.5515892299097, Ariel_University, ec:8c:a2:08:7b:8c, 40, -91.0, 
2017-12-03 08:37:58, model=SM-G950F_device=dreamlte, 32.103323385092075, 35.20778662747971, 690.7687922307229, Ariel_University, ec:8c:a2:09:86:d8, 6, -92.0, 
2017-12-03 08:38:04, model=SM-G950F_device=dreamlte, 32.10342051137385, 35.20780552775216, 690.6874448611455, UnKnown, ec:8c:a2:89:0c:c7, 44, -86.0, 
2017-12-03 08:38:04, model=SM-G950F_device=dreamlte, 32.10342051137385, 35.20780552775216, 690.6874448611455, Ariel_University, ec:8c:a2:09:0c:c8, 1, -86.0, 
2017-12-03 08:38:04, model=SM-G950F_device=dreamlte, 32.103938008983505, 35.207899123332915, 690.2804929231246, UnKnown, ec:8c:a2:88:7b:87, 40, -87.0, 
2017-12-03 08:38:04, model=SM-G950F_device=dreamlte, 32.10342051137385, 35.20780552775216, 690.6874448611455, Ariel_University, ec:8c:a2:08:90:cc, 36, -87.0, 
2017-12-03 08:38:07, model=SM-G950F_device=dreamlte, 32.1036058237048, 35.2078198310514, 690.5508185436886, Ariel_University, ec:8c:a2:08:90:c8, 11, -89.0, 
2017-12-03 08:38:10, model=SM-G950F_device=dreamlte, 32.10353355128237, 35.20781291804855, 690.5795129917332, Ariel_University, ec:8c:a2:09:8c:38, 1, -80.0, 
2017-12-03 08:38:10, model=SM-G950F_device=dreamlte, 32.10353355128237, 35.20781291804855, 690.5795129917332, UnKnown, 00:27:22:f3:bb:3a, 6, -86.0, 
2017-12-03 08:38:10, model=SM-G950F_device=dreamlte, 32.10375136345312, 35.20783944152516, 690.4476733814089, UnKnown, 00:27:22:f3:bb:86, 6, -87.0, 
2017-12-03 08:38:10, model=SM-G950F_device=dreamlte, 32.10353355128237, 35.20781291804855, 690.5795129917332, Ariel_University, ec:8c:a2:09:8c:3c, 44, -88.0, 
2017-12-03 08:38:13, model=SM-G950F_device=dreamlte, 32.10371440835981, 35.2078263595938, 690.4758805974767, UnKnown, ec:8c:a2:89:8c:37, 44, -86.0, 
2017-12-03 08:38:13, model=SM-G950F_device=dreamlte, 32.10371440835981, 35.2078263595938, 690.4758805974767, Ariel_University, ec:8c:a2:0a:08:b8, 6, -89.0, 
2017-12-03 08:38:16, model=SM-G950F_device=dreamlte, 32.10395115783471, 35.20786377093516, 690.3267397654319, Ariel_University, ec:8c:a2:08:7b:88, 1, -77.0, 
2017-12-03 08:38:19, model=SM-G950F_device=dreamlte, 32.10411088790522, 35.20836551017082, 701.7709731263444, KCG_54, 00:25:86:cc:07:b2, 2, -87.0, 
2017-12-03 08:38:22, model=SM-G950F_device=dreamlte, 32.1044140461797, 35.20788087493433, 689.9496964638441, dlink, 84:c9:b2:4a:e7:87, 2, -86.0, 
2017-12-03 08:38:22, model=SM-G950F_device=dreamlte, 32.1044140461797, 35.20788087493433, 689.9496964638441, Ariel_University, 1c:b9:c4:16:cd:68, 11, -86.0, 
2017-12-03 08:38:22, model=SM-G950F_device=dreamlte, 32.105813736422725, 35.21029432414534, 688.6406238828665, UnKnown, 00:1a:dd:f4:f5:c4, 13, -89.0, 
2017-12-03 08:38:22, model=SM-G950F_device=dreamlte, 32.105322377693085, 35.20949485224334, 689.0700570198052, Afikim_Wifi, 00:1a:dd:f4:f5:c5, 13, -90.0, 
2017-12-03 08:38:25, model=SM-G950F_device=dreamlte, 32.10461272357625, 35.20792963641949, 689.6670161410832, Ariel_University, ec:8c:a2:08:92:48, 6, -85.0, 
2017-12-03 08:38:25, model=SM-G950F_device=dreamlte, 32.10461272357625, 35.20792963641949, 689.6670161410832, Ariel_University, ec:8c:a2:08:92:4c, 36, -88.0, 
2017-12-03 08:38:28, model=SM-G950F_device=dreamlte, 32.10473074431384, 35.20808401590763, 689.6319853475801, Ariel_University, f0:b0:52:3e:d6:f8, 11, -86.0, 
2017-12-03 08:38:28, model=SM-G950F_device=dreamlte, 32.10473074431384, 35.20808401590763, 689.6319853475801, Aviramf phone, e6:46:da:e4:84:c0, 6, -87.0, 
2017-12-03 08:38:28, model=SM-G950F_device=dreamlte, 32.10473074431384, 35.20808401590763, 689.6319853475801, UnKnown, 00:27:22:f3:e0:83, 1, -88.0, 
2017-12-03 08:38:28, model=SM-G950F_device=dreamlte, 32.10452622970264, 35.209141228831086, 691.2400320210548, Ariel_University, ec:8c:a2:26:d2:c8, 11, -93.0, 
2017-12-03 08:38:40, model=SM-G950F_device=dreamlte, 32.10433220366299, 35.209537685380226, 687.596926048121, Ariel_University, 1c:b9:c4:16:05:38, 11, -91.0, 
2017-12-03 08:38:43, model=SM-G950F_device=dreamlte, 32.10571245966795, 35.21071610275744, 689.553290238887, UnKnown, 00:1a:2f:7f:6b:70, 13, -89.0, 
2017-12-03 08:38:46, model=SM-G950F_device=dreamlte, 32.104374654497974, 35.210162391279866, 688.2828938718155, magneto, b2:6c:ac:a0:7b:4d, 11, -90.0, 
2017-12-03 08:38:49, model=SM-G950F_device=dreamlte, 32.10487669212108, 35.21027989106313, 712.24975507905, Ariel_University, 1c:b9:c4:15:44:58, 11, -84.0, 
2017-12-03 08:38:49, model=SM-G950F_device=dreamlte, 32.10378111940103, 35.20972055421785, 697.8897787021027, outsense, c2:6c:ac:a0:7b:4d, 11, -85.0, 
2017-12-03 08:38:49, model=SM-G950F_device=dreamlte, 32.10471480251293, 35.209959433687395, 697.4482967119542, EVE, 90:6c:ac:a0:7b:4d, 11, -88.0, 
2017-12-03 08:38:49, model=SM-G950F_device=dreamlte, 32.10435919713884, 35.209497843709194, 698.3211168570884, Ariel_University, 1c:b9:c4:16:05:3c, 36, -88.0, 
2017-12-03 08:38:49, model=SM-G950F_device=dreamlte, 32.104707499999996, 35.21000391333334, 687.3333333333333, Guest, 90:6c:ac:9f:fb:1f, 1, -89.0, 
2017-12-03 08:38:49, model=SM-G950F_device=dreamlte, 32.10462904463811, 35.20979413384215, 698.0337677913101, HP-Print-30-Officejet 7610, d0:bf:9c:db:31:30, 6, -91.0, 
2017-12-03 08:38:52, model=SM-G950F_device=dreamlte, 32.10477007814329, 35.20959214796936, 689.4493123621526, ShapeDo, f8:e9:03:12:ef:3b, 6, -90.0, 
2017-12-03 08:38:52, model=SM-G950F_device=dreamlte, 32.104833223320206, 35.209281709490675, 690.9974218755699, Neuropplied, a2:6c:ac:9f:fb:27, 36, -91.0, 
2017-12-03 08:38:52, model=SM-G950F_device=dreamlte, 32.104833223320206, 35.209281709490675, 690.9974218755699, Guest, 90:6c:ac:9f:fb:27, 36, -92.0, 
2017-12-03 08:38:52, model=SM-G950F_device=dreamlte, 32.104833223320206, 35.209281709490675, 690.9974218755699, iagree, b2:6c:ac:9f:fb:27, 36, -92.0, 
2017-12-03 08:38:52, model=SM-G950F_device=dreamlte, 32.104833223320206, 35.209281709490675, 690.9974218755699, shapedo, c2:6c:ac:9f:fb:27, 36, -92.0, 
2017-12-03 08:38:55, model=SM-G950F_device=dreamlte, 32.105936919781094, 35.2105813951411, 688.6741464287552, UnKnown, 00:27:22:f3:e2:f3, 6, -84.0, 
2017-12-03 08:38:55, model=SM-G950F_device=dreamlte, 32.105841700267774, 35.210220240624366, 688.5732130435052, UnKnown, 00:27:22:f3:a6:9a, 6, -85.0, 
2017-12-03 08:38:55, model=SM-G950F_device=dreamlte, 32.10578293460033, 35.20998916369279, 688.5254279379167, YICarCam_00d0f1, 58:70:c6:00:d0:f1, 6, -89.0, 
2017-12-03 08:38:55, model=SM-G950F_device=dreamlte, 32.105902930844074, 35.21041520889208, 688.637117856715, Ariel_University, 1c:b9:c4:16:06:e8, 11, -89.0, 
2017-12-03 08:38:58, model=SM-G950F_device=dreamlte, 32.10572050842588, 35.2097599664662, 688.5550300637956, NIPPON_2516, 08:97:58:32:a6:3e, 3, -73.0, 
2017-12-03 08:38:58, model=SM-G950F_device=dreamlte, 32.10572050842588, 35.2097599664662, 688.5550300637956, Orange G2_4113, f8:a9:d0:66:06:4d, 6, -81.0, 
2017-12-03 08:38:58, model=SM-G950F_device=dreamlte, 32.104321838443, 35.20966717799186, 696.2024455178765, iagree, b2:6c:ac:9f:fb:1f, 1, -88.0, 
2017-12-03 08:38:58, model=SM-G950F_device=dreamlte, 32.10519623791523, 35.21015528438381, 700.145300879667, Ariel_University, 1c:b9:c4:15:44:5c, 44, -89.0, 
2017-12-03 08:38:58, model=SM-G950F_device=dreamlte, 32.105419307355206, 35.210312128774035, 690.3722410759042, Ariel_University, 1c:b9:c4:15:42:6c, 48, -89.0, 
2017-12-03 08:38:58, model=SM-G950F_device=dreamlte, 32.10528034130918, 35.21025964884339, 689.8506780373581, Afikim-73925, 00:1a:dd:f5:e9:25, 1, -89.0, 
2017-12-03 08:38:58, model=SM-G950F_device=dreamlte, 32.105419307355206, 35.210312128774035, 690.3722410759042, UnKnown, 1c:b9:c4:95:42:67, 48, -90.0, 
2017-12-03 08:38:58, model=SM-G950F_device=dreamlte, 32.10501005182007, 35.20974775547228, 702.2947378894397, Cartiheal, 00:11:6b:2a:90:3c, 11, -90.0, 
2017-12-03 08:38:58, model=SM-G950F_device=dreamlte, 32.105946571397375, 35.21056285073887, 688.6821755815097, Ariel_University, 1c:b9:c4:14:2f:a8, 1, -90.0, 
2017-12-03 08:39:01, model=SM-G950F_device=dreamlte, 32.10521601397611, 35.210070213448695, 689.8559021036925, PEPWAVE_C99D, 00:1a:dd:f5:e9:24, 1, -74.0, 
2017-12-03 08:39:01, model=SM-G950F_device=dreamlte, 32.10596426314588, 35.21056441577432, 688.689500656647, PEPWAVE_9481, 00:1a:dd:f4:ef:04, 1, -85.0, 
2017-12-03 08:39:01, model=SM-G950F_device=dreamlte, 32.10537420120928, 35.21054773689171, 699.1149387314306, Ariel_University, 1c:b9:c4:15:42:68, 11, -89.0, 
2017-12-03 08:39:04, model=SM-G950F_device=dreamlte, 32.10593532045871, 35.21038076777716, 688.6045855255679, UnKnown, 00:1a:dd:f5:06:a4, 13, -83.0, 
2017-12-03 08:39:04, model=SM-G950F_device=dreamlte, 32.10593532045871, 35.21038076777716, 688.6045855255679, Afikim_Wifi, 00:1a:dd:f5:06:a5, 13, -84.0, 
2017-12-03 08:39:04, model=SM-G950F_device=dreamlte, 32.10603554471369, 35.21085199532434, 688.7425976434139, Ariel_University, 1c:b9:c4:16:06:ec, 44, -89.0, 
2017-12-03 08:39:10, model=SM-G950F_device=dreamlte, 32.106089276564596, 35.21106968179408, 688.7624378298848, Afikim_Wifi, 00:1a:dd:f4:ef:c5, 1, -81.0, 
2017-12-03 08:39:10, model=SM-G950F_device=dreamlte, 32.106089276564596, 35.21106968179408, 688.7624378298848, Gateway, 00:0d:f0:3e:fa:ca, 9, -87.0, 
2017-12-03 08:39:10, model=SM-G950F_device=dreamlte, 32.106113432543175, 35.211384271762476, 688.9293312645103, UnKnown, 1c:b9:c4:96:06:e7, 44, -89.0, 
2017-12-03 08:39:13, model=SM-G950F_device=dreamlte, 32.10614939016676, 35.21138726608906, 688.8993666020681, TOP-SECRET, 10:be:f5:36:02:e2, 8, -82.0, 
2017-12-03 08:39:13, model=SM-G950F_device=dreamlte, 32.10614939016676, 35.21138726608906, 688.8993666020681, UnKnown, 00:1a:dd:f4:ef:c4, 1, -87.0, 
2017-12-03 08:39:16, model=SM-G950F_device=dreamlte, 32.106181954122206, 35.21168763894033, 689.1981253462078, Bezeq-NGN_E77EB9, cc:b2:55:e7:7e:ba, 6, -87.0, 
2017-12-03 08:39:19, model=SM-G950F_device=dreamlte, 32.106211489963755, 35.21194838735254, 689.2763252871639, UnKnown, 00:1a:dd:f4:fc:84, 8, -77.0, 
2017-12-03 08:39:19, model=SM-G950F_device=dreamlte, 32.106211489963755, 35.21194838735254, 689.2763252871639, Afikim_Wifi, 00:1a:dd:f4:fc:85, 8, -78.0, 
2017-12-03 08:39:19, model=SM-G950F_device=dreamlte, 32.106211489963755, 35.21194838735254, 689.2763252871639, Police_Shomron, f8:e7:1e:33:87:38, 1, -86.0, 
2017-12-03 08:39:19, model=SM-G950F_device=dreamlte, 32.106211489963755, 35.21194838735254, 689.2763252871639, UnKnown, 00:1a:dd:f4:fc:64, 1, -87.0, 
2017-12-03 08:39:19, model=SM-G950F_device=dreamlte, 32.106211489963755, 35.21194838735254, 689.2763252871639, Afikim_Wifi, 00:1a:dd:f4:fc:65, 1, -90.0, 
2017-12-03 08:39:25, model=SM-G950F_device=dreamlte, 32.105760148875554, 35.21206399289527, 690.460869314654, IT-MNG, 1c:b9:c4:16:cd:18, 1, -88.0, 
2017-12-03 08:39:25, model=SM-G950F_device=dreamlte, 32.105350106180246, 35.211881551972155, 689.9597865803694, KCG_20, 00:27:19:13:fc:a4, 11, -90.0, 
2017-12-03 08:39:25, model=SM-G950F_device=dreamlte, 32.105760148875554, 35.21206399289527, 690.460869314654, Ariel_University, 1c:b9:c4:56:cd:18, 1, -90.0, 
2017-12-03 08:39:28, model=SM-G950F_device=dreamlte, 32.10578181130056, 35.21207187967583, 690.5323471428377, Police_Shomron, f8:e7:1e:33:87:3c, 36, -86.0, 
2017-12-03 08:39:28, model=SM-G950F_device=dreamlte, 32.105346123944685, 35.21170446900543, 691.387704896981, IT-MNG, 1c:b9:c4:15:fd:e8, 11, -88.0, 
2017-12-03 08:39:28, model=SM-G950F_device=dreamlte, 32.10578181130056, 35.21207187967583, 690.5323471428377, Ariel_University, 1c:b9:c4:16:cd:1c, 36, -88.0, 
2017-12-03 08:39:31, model=SM-G950F_device=dreamlte, 32.105306640684496, 35.21155335327108, 702.1931748728758, Ariel_University, 1c:b9:c4:55:fd:e8, 11, -88.0, 
2017-12-03 08:39:34, model=SM-G950F_device=dreamlte, 32.10533711925973, 35.2118598855837, 691.9964341016355, Ariel_University, 1c:b9:c4:15:fd:ec, 40, -83.0, 
2017-12-03 08:39:34, model=SM-G950F_device=dreamlte, 32.105448644069995, 35.21192983211315, 691.5885470680463, Ariel_University, 1c:b9:c4:15:3a:28, 1, -87.0, 
2017-12-03 08:39:34, model=SM-G950F_device=dreamlte, 32.10518422095981, 35.21121235938099, 705.5082702568822, Ariel_University, 1c:b9:c4:15:36:9c, 36, -88.0, 
2017-12-03 08:39:34, model=SM-G950F_device=dreamlte, 32.105448644069995, 35.21192983211315, 691.5885470680463, UnKnown, 1c:b9:c4:96:cd:17, 36, -89.0, 
2017-12-03 08:39:34, model=SM-G950F_device=dreamlte, 32.10516852182645, 35.21127205202826, 703.7447170858608, Ariel_University, 1c:b9:c4:15:36:98, 1, -89.0, 
2017-12-03 08:39:37, model=SM-G950F_device=dreamlte, 32.105338150765675, 35.21187487697705, 692.0554072332519, Ariel_University, 1c:b9:c4:15:3a:2c, 36, -92.0, 
2017-12-03 08:39:37, model=SM-G950F_device=dreamlte, 32.105338150765675, 35.21187487697705, 692.0554072332519, Ariel_University, 24:79:2a:2b:34:a8, 11, -92.0, 
2017-12-03 08:39:43, model=SM-G950F_device=dreamlte, 32.104499237156, 35.20961143820097, 698.0573923045591, Ariel_University, 1c:b9:c4:16:05:78, 6, -92.0, 
2017-12-03 08:39:46, model=SM-G950F_device=dreamlte, 32.10460136590204, 35.21019767086856, 691.62567763146, Ariel_University, 1c:b9:c4:16:2b:e8, 6, -92.0, 
2017-12-03 08:39:49, model=SM-G950F_device=dreamlte, 32.105210120790346, 35.21178480914369, 692.3377115782242, UnKnown, 8c:0c:90:af:76:53, 6, -90.0, 
2017-12-03 08:40:16, model=SM-G950F_device=dreamlte, 32.10507123327566, 35.21145722461369, 693.5785828198289, Ariel_University, 24:79:2a:2b:34:e8, 1, -91.0, 
2017-12-03 08:40:22, model=SM-G950F_device=dreamlte, 32.10465235615299, 35.21089999733924, 690.3980044345898, Ariel_University, 1c:b9:c4:15:44:88, 6, -91.0, 
2017-12-03 08:40:28, model=SM-G950F_device=dreamlte, 32.10457976555341, 35.210173545971294, 690.3500692985367, Ariel_University, 1c:b9:c4:15:ed:48, 1, -89.0, 
2017-12-03 08:40:28, model=SM-G950F_device=dreamlte, 32.10442923978659, 35.210771736835916, 696.1374021793255, Ariel_University, 8c:0c:90:2f:d3:d8, 11, -90.0, 
2017-12-03 08:40:34, model=SM-G950F_device=dreamlte, 32.10461147284215, 35.21052085395657, 693.8320155609393, Ariel_University, ec:8c:a2:08:79:a8, 6, -82.0, 
2017-12-03 08:40:34, model=SM-G950F_device=dreamlte, 32.104906121909195, 35.21135241304572, 691.7266026300563, UnKnown, 1c:b9:c4:95:ed:47, 44, -87.0, 
2017-12-03 08:40:34, model=SM-G950F_device=dreamlte, 32.104870798271385, 35.211377768891374, 690.9373133971114, Ariel_University, 1c:b9:c4:15:ed:4c, 44, -88.0, 
2017-12-03 08:40:34, model=SM-G950F_device=dreamlte, 32.104937435610275, 35.2109572672213, 688.7127055365213, Ariel_University, ec:8c:a2:08:79:88, 1, -88.0, 
2017-12-03 08:40:34, model=SM-G950F_device=dreamlte, 32.10491838956918, 35.2113060303692, 693.6597259811182, Ariel_University, ec:8c:a2:08:79:ac, 36, -89.0, 
2017-12-03 08:40:34, model=SM-G950F_device=dreamlte, 32.10441954732399, 35.21126459581916, 695.2215905051174, Ariel_University, 1c:b9:c4:14:36:f8, 6, -90.0, 
2017-12-03 08:40:34, model=SM-G950F_device=dreamlte, 32.10488329572069, 35.210887077442905, 706.7201912245145, Ariel_University, 1c:b9:c4:16:05:7c, 36, -91.0, 
2017-12-03 08:40:37, model=SM-G950F_device=dreamlte, 32.104956279137404, 35.210789461428824, 701.7170228391428, Ariel_University, 1c:b9:c4:14:2b:c8, 6, -79.0, 
2017-12-03 08:40:37, model=SM-G950F_device=dreamlte, 32.105046212201536, 35.21107088692005, 703.5861416847129, Ariel_University, 1c:b9:c4:14:2b:cc, 36, -87.0, 
2017-12-03 08:40:37, model=SM-G950F_device=dreamlte, 32.10438866700657, 35.21072199293093, 708.338299761128, Ariel_University, 1c:b9:c4:15:41:78, 1, -87.0, 
2017-12-03 08:40:37, model=SM-G950F_device=dreamlte, 32.1050259602516, 35.21104179939372, 699.6732905187315, UnKnown, 1c:b9:c4:94:2b:c7, 36, -90.0, 
2017-12-03 08:40:40, model=SM-G950F_device=dreamlte, 32.1047928441135, 35.211193756951715, 698.7268979616206, UnKnown, 1c:b9:c4:95:44:87, 36, -91.0, 
2017-12-03 08:40:40, model=SM-G950F_device=dreamlte, 32.104779737557614, 35.211160070808376, 695.1119392867997, Ariel_University, 1c:b9:c4:15:44:8c, 36, -92.0, 
2017-12-03 08:40:43, model=SM-G950F_device=dreamlte, 32.10506214894986, 35.21071549460977, 692.6868607099875, UnKnown, 1c:b9:c4:94:30:07, 36, -84.0, 
2017-12-03 08:40:43, model=SM-G950F_device=dreamlte, 32.10506214894986, 35.21071549460977, 692.6868607099875, Ariel_University, 1c:b9:c4:14:30:0c, 36, -85.0, 
2017-12-03 08:40:43, model=SM-G950F_device=dreamlte, 32.104990860810105, 35.21068477401607, 689.4698019664329, Ariel_University, 1c:b9:c4:14:30:08, 1, -85.0, 
2017-12-03 08:40:46, model=SM-G950F_device=dreamlte, 32.104565465704226, 35.20979429419023, 687.8276714948371, Ariel_University, 1c:b9:c4:16:2d:e8, 11, -81.0, 
2017-12-03 08:40:46, model=SM-G950F_device=dreamlte, 32.10500248118355, 35.210472263787054, 692.7188464192927, SAMSONIX R500-e-09, ac:83:f3:b2:00:e9, 1, -84.0, 
2017-12-03 08:40:46, model=SM-G950F_device=dreamlte, 32.1046748561606, 35.209867016410975, 706.733452774439, Ariel_University, 1c:b9:c4:15:25:48, 1, -88.0, 
2017-12-03 08:40:46, model=SM-G950F_device=dreamlte, 32.105001090269084, 35.210474582777, 709.3498732093467, UnKnown, 1c:b9:c4:95:44:57, 44, -89.0, 
2017-12-03 08:40:46, model=SM-G950F_device=dreamlte, 32.104604485929734, 35.20972535286096, 711.6643136470219, yosh, 00:11:6b:11:7d:c7, 13, -90.0, 
2017-12-03 08:40:46, model=SM-G950F_device=dreamlte, 32.10500248118355, 35.210472263787054, 692.7188464192927, SAMSONIX ML_003, 38:a2:8c:02:e7:6e, 6, -91.0, 
2017-12-03 08:40:49, model=SM-G950F_device=dreamlte, 32.10493191549645, 35.21025667401684, 692.7030958914264, Ariel_University, 1c:b9:c4:16:2d:ec, 36, -85.0, 
2017-12-03 08:40:49, model=SM-G950F_device=dreamlte, 32.10478567458413, 35.210110309317116, 698.8100776799348, Ariel_University, 1c:b9:c4:15:20:38, 11, -87.0, 
2017-12-03 08:40:49, model=SM-G950F_device=dreamlte, 32.10493002884269, 35.2102693873368, 707.6369941063411, UnKnown, 1c:b9:c4:96:2d:e7, 36, -89.0, 
2017-12-03 08:40:49, model=SM-G950F_device=dreamlte, 32.10428919333333, 35.20947297666667, 688.0, shapedo, c2:6c:ac:9f:fb:1f, 1, -91.0, 
2017-12-03 08:40:49, model=SM-G950F_device=dreamlte, 32.10493191549645, 35.21025667401684, 692.7030958914264, Ariel_University, 1c:b9:c4:15:34:b8, 6, -92.0, 
2017-12-03 08:40:52, model=SM-G950F_device=dreamlte, 32.10483384066018, 35.21004948359021, 692.7415284537185, mati-sh1, c4:12:f5:fd:6a:74, 9, -85.0, 
2017-12-03 08:40:52, model=SM-G950F_device=dreamlte, 32.104089107209965, 35.20948580142379, 698.7337254002415, giftwizard, a2:6c:ac:a0:3d:eb, 3, -87.0, 
2017-12-03 08:40:52, model=SM-G950F_device=dreamlte, 32.104707499999996, 35.21000391333334, 687.3333333333333, Neuropplied, a2:6c:ac:9f:fb:1f, 1, -89.0, 
2017-12-03 08:40:52, model=SM-G950F_device=dreamlte, 32.10390834188195, 35.2096197590943, 691.5234779558173, Guest, 90:6c:ac:a0:3d:eb, 3, -89.0, 
2017-12-03 08:40:52, model=SM-G950F_device=dreamlte, 32.10473781334149, 35.20994885166569, 700.8623346884534, Ariel_University, 8c:0c:90:2f:36:58, 1, -89.0, 
2017-12-03 08:40:55, model=SM-G950F_device=dreamlte, 32.10431985504717, 35.20950870390602, 696.5720124040279, Guest, a2:6c:ac:a0:7b:4d, 11, -75.0, 
2017-12-03 08:40:55, model=SM-G950F_device=dreamlte, 32.10466863667613, 35.209827074030365, 700.2755523352037, outsense, c2:6c:ac:a0:7b:55, 52, -79.0, 
2017-12-03 08:40:55, model=SM-G950F_device=dreamlte, 32.10467943068943, 35.209814463835784, 707.7587453509905, magneto, b2:6c:ac:a0:7b:55, 52, -79.0, 
2017-12-03 08:40:55, model=SM-G950F_device=dreamlte, 32.10467943068943, 35.209814463835784, 707.7587453509905, Guest, a2:6c:ac:a0:7b:55, 52, -80.0, 
2017-12-03 08:40:58, model=SM-G950F_device=dreamlte, 32.10363441947948, 35.20956129260769, 689.8594034210838, TP-LINK_ADD150, 74:ea:3a:ad:d1:50, 4, -71.0, 
2017-12-03 08:40:58, model=SM-G950F_device=dreamlte, 32.10462787571151, 35.20979453572592, 688.6930800782249, Guest, 90:6c:ac:a0:60:4d, 1, -72.0, 
2017-12-03 08:40:58, model=SM-G950F_device=dreamlte, 32.10429829212911, 35.20947826899772, 688.7312271647501, incentive2, a2:6c:ac:a0:60:4d, 1, -72.0, 
2017-12-03 08:40:58, model=SM-G950F_device=dreamlte, 32.10457102888188, 35.209608501213296, 692.8918490649098, Ariel_University, 1c:b9:c4:14:62:4c, 36, -74.0, 
2017-12-03 08:40:58, model=SM-G950F_device=dreamlte, 32.10368183893412, 35.209617087590935, 698.3419943831293, Ariel_University, 1c:b9:c4:14:62:48, 11, -74.0, 
2017-12-03 08:40:58, model=SM-G950F_device=dreamlte, 32.104567919181605, 35.209681497213694, 689.7752896592214, ShapeDo-5GHz, f8:e9:03:12:ef:3c, 60, -77.0, 
2017-12-03 08:40:58, model=SM-G950F_device=dreamlte, 32.10457102888188, 35.209608501213296, 692.8918490649098, UnKnown, 1c:b9:c4:94:62:47, 36, -79.0, 
2017-12-03 08:41:01, model=SM-G950F_device=dreamlte, 32.10407174936726, 35.21005471641619, 704.1923561584539, Ariel_University, 24:79:2a:2c:5b:dc, 36, -78.0, 
2017-12-03 08:41:01, model=SM-G950F_device=dreamlte, 32.10331434766132, 35.20926702753451, 690.5039310496342, artsim, a2:6c:ac:a0:18:29, 6, -80.0, 
2017-12-03 08:41:01, model=SM-G950F_device=dreamlte, 32.10411998711407, 35.209675506822, 696.1321908002385, Ariel_University, 24:79:2a:2c:5b:d8, 1, -80.0, 
2017-12-03 08:41:01, model=SM-G950F_device=dreamlte, 32.103851117152914, 35.20905662614273, 690.8346616938367, Ariel_University, 34:8f:27:20:89:b8, 6, -84.0, 
2017-12-03 08:41:01, model=SM-G950F_device=dreamlte, 32.10451315986273, 35.20957161566631, 690.795651756155, DIRECT-6E-HP DeskJet 3630 series, a0:8c:fd:8c:79:6f, 6, -87.0, 
2017-12-03 08:41:01, model=SM-G950F_device=dreamlte, 32.104466966368285, 35.20942986183025, 692.9030486088649, Ariel_University, 34:8f:27:20:89:bc, 44, -87.0, 
2017-12-03 08:41:01, model=SM-G950F_device=dreamlte, 32.104466966368285, 35.20942986183025, 692.9030486088649, UnKnown, 34:8f:27:a0:89:b7, 44, -89.0, 
2017-12-03 08:41:04, model=SM-G950F_device=dreamlte, 32.10378476461006, 35.208994235901734, 690.7030034025219, Ariel_University, ec:8c:a2:26:d3:68, 11, -84.0, 
2017-12-03 08:41:04, model=SM-G950F_device=dreamlte, 32.10369450203214, 35.209734126640676, 704.9471172623331, Ariel_University, 1c:b9:c4:16:1d:78, 1, -85.0, 
2017-12-03 08:41:04, model=SM-G950F_device=dreamlte, 32.104362677361316, 35.20927746779735, 692.9954485022049, YICarCam_fb687a, 58:70:c6:fb:68:7a, 5, -88.0, 
2017-12-03 08:41:04, model=SM-G950F_device=dreamlte, 32.10418388949327, 35.20912080731148, 697.5409226469724, DIRECT-64-HP DeskJet 3630 series, 30:e1:71:0d:e0:65, 6, -89.0, 
2017-12-03 08:41:07, model=SM-G950F_device=dreamlte, 32.10416553974497, 35.209084094144075, 691.4359358156813, Ariel_University, 1c:b9:c4:16:cc:d8, 1, -83.0, 
2017-12-03 08:41:07, model=SM-G950F_device=dreamlte, 32.10409611961159, 35.209349850566646, 703.5988169018875, UnKnown, 00:27:22:f3:bb:2b, 6, -85.0, 
2017-12-03 08:41:07, model=SM-G950F_device=dreamlte, 32.10397308212535, 35.20926378938664, 693.8248749928807, DIRECT-13-HP DeskJet 3630 series, a0:8c:fd:0a:24:56, 6, -86.0, 
2017-12-03 08:41:07, model=SM-G950F_device=dreamlte, 32.10400315166141, 35.2098062612736, 705.348764290645, Ariel_University, 1c:b9:c4:15:fd:4c, 36, -88.0, 
2017-12-03 08:41:07, model=SM-G950F_device=dreamlte, 32.103825501224456, 35.2092425634858, 694.2514559124376, Ariel_University, 1c:b9:c4:15:fd:48, 1, -90.0, 
2017-12-03 08:41:07, model=SM-G950F_device=dreamlte, 32.1040579217911, 35.20902357844033, 701.7858038989823, Ariel_University, 1c:b9:c4:16:28:ec, 36, -91.0, 
2017-12-03 08:41:07, model=SM-G950F_device=dreamlte, 32.10406081769772, 35.20901164484113, 699.6530908744601, UnKnown, 00:02:6f:b8:c4:1a, 11, -92.0, 
2017-12-03 08:41:10, model=SM-G950F_device=dreamlte, 32.10313326333333, 35.20940418, 694.3333333333335, Ariel_University, 1c:b9:c4:16:28:e8, 1, -83.0, 
2017-12-03 08:41:10, model=SM-G950F_device=dreamlte, 32.10339152822804, 35.20911307781374, 697.9923150590557, Ariel_University, 8c:0c:90:2e:16:88, 11, -86.0, 
2017-12-03 08:41:10, model=SM-G950F_device=dreamlte, 32.103206920356186, 35.20935706861413, 688.7807366356715, Guest, 90:6c:ac:a0:18:29, 6, -88.0, 
2017-12-03 08:41:10, model=SM-G950F_device=dreamlte, 32.103709830760984, 35.20896534076034, 689.6566553880798, Ariel_University, ec:8c:a2:26:b0:e8, 6, -89.0, 
2017-12-03 08:41:10, model=SM-G950F_device=dreamlte, 32.103621729338386, 35.20922506881993, 697.0654084490818, Ariel_University, 1c:b9:c4:15:1c:b8, 1, -89.0, 
2017-12-03 08:41:10, model=SM-G950F_device=dreamlte, 32.104079300627305, 35.20894493919268, 693.2106002961864, Ariel_University, 1c:b9:c4:15:23:5c, 36, -91.0, 
2017-12-03 08:41:10, model=SM-G950F_device=dreamlte, 32.104079300627305, 35.20894493919268, 693.2106002961864, UnKnown, 1c:b9:c4:95:23:57, 36, -92.0, 
2017-12-03 08:41:13, model=SM-G950F_device=dreamlte, 32.10359041839967, 35.20936407605544, 698.4036797338388, sinusafe, b2:6c:ac:a0:3d:eb, 3, -79.0, 
2017-12-03 08:41:13, model=SM-G950F_device=dreamlte, 32.10410991265432, 35.20921227740741, 689.0, Ariel_University, 1c:b9:c4:15:23:58, 6, -83.0, 
2017-12-03 08:41:13, model=SM-G950F_device=dreamlte, 32.103044882208174, 35.20942876145115, 699.9364961364812, 2.4V1, 40:a5:ef:7a:17:f2, 1, -86.0, 
2017-12-03 08:41:13, model=SM-G950F_device=dreamlte, 32.10384543952931, 35.20927595240242, 707.9157219460606, UnKnown, 1c:b9:c4:95:fd:47, 36, -90.0, 
2017-12-03 08:41:13, model=SM-G950F_device=dreamlte, 32.10370114796625, 35.20878181800801, 691.4583058004861, UnKnown, 1c:b9:c4:96:28:e7, 36, -90.0, 
2017-12-03 08:41:16, model=SM-G950F_device=dreamlte, 32.1037453613347, 35.208747637130664, 692.9018041152, Ariel_University, 1c:b9:c4:16:cc:dc, 36, -90.0, 
2017-12-03 08:41:19, model=SM-G950F_device=dreamlte, 32.103833805945726, 35.208865782569596, 699.3048391882099, UnKnown, 8c:0c:90:ae:16:83, 11, -85.0, 
2017-12-03 08:41:19, model=SM-G950F_device=dreamlte, 32.10362989047106, 35.20888533303258, 691.9080558463687, UnKnown, 8c:0c:90:6e:16:88, 11, -86.0, 
2017-12-03 08:41:19, model=SM-G950F_device=dreamlte, 32.10317523322076, 35.208769672833874, 698.8471086205761, Ariel_University, 1c:b9:c4:12:7c:c8, 11, -86.0, 
2017-12-03 08:41:19, model=SM-G950F_device=dreamlte, 32.103560278696214, 35.20875273651901, 691.2882279693337, Ariel_University, 1c:b9:c4:16:13:08, 11, -89.0, 
2017-12-03 08:41:22, model=SM-G950F_device=dreamlte, 32.10302519453889, 35.208812092500736, 692.6308304695933, Ariel_University, 1c:b9:c4:12:7c:cc, 36, -90.0, 
2017-12-03 08:41:25, model=SM-G950F_device=dreamlte, 32.102920275588524, 35.20884636888434, 691.8756844980218, UnKnown, 1c:b9:c4:92:7c:c7, 36, -82.0, 
2017-12-03 08:41:25, model=SM-G950F_device=dreamlte, 32.10289492653549, 35.20877955396777, 699.4752086451841, Ariel_University, 1c:b9:c4:12:90:bc, 40, -88.0, 
2017-12-03 08:41:25, model=SM-G950F_device=dreamlte, 32.10332614802254, 35.20866418715774, 692.4506545358308, Ariel_University, 1c:b9:c4:16:13:0c, 44, -89.0, 
2017-12-03 08:41:25, model=SM-G950F_device=dreamlte, 32.10332614802254, 35.20866418715774, 692.4506545358308, UnKnown, 1c:b9:c4:96:13:07, 44, -91.0, 
2017-12-03 08:41:28, model=SM-G950F_device=dreamlte, 32.10297694492637, 35.208848554842646, 697.6363367263675, Ariel_University, 1c:b9:c4:12:90:b8, 11, -78.0, 
2017-12-03 08:41:28, model=SM-G950F_device=dreamlte, 32.102787765612064, 35.208820245534454, 689.8706808727977, HelpDesk, f8:d1:11:77:77:c6, 4, -81.0, 
2017-12-03 08:41:28, model=SM-G950F_device=dreamlte, 32.10264867082287, 35.20922342005664, 694.6068685690115, Ariel_University, 8c:0c:90:2d:75:e8, 1, -84.0, 
2017-12-03 08:41:28, model=SM-G950F_device=dreamlte, 32.10273609437412, 35.208838748024554, 689.3885567634886, Ariel_University, 1c:b9:c4:16:f4:28, 11, -86.0, 
2017-12-03 08:41:28, model=SM-G950F_device=dreamlte, 32.10267213738407, 35.2092547853771, 694.8726109431959, Ariel_University, 34:8f:27:20:8c:18, 6, -86.0, 
2017-12-03 08:41:28, model=SM-G950F_device=dreamlte, 32.102688896470134, 35.20884888881471, 689.9475016091319, Ariel_University, 1c:b9:c4:15:43:e8, 1, -89.0, 
2017-12-03 08:41:28, model=SM-G950F_device=dreamlte, 32.10319903116265, 35.20907435968667, 695.4638444075624, UnKnown, ec:8c:a2:88:78:c7, 48, -90.0, 
2017-12-03 08:41:31, model=SM-G950F_device=dreamlte, 32.10324796231852, 35.209308016730084, 696.195546089532, AUC_4_2_24, d8:5d:4c:9e:69:22, 1, -83.0, 
2017-12-03 08:41:31, model=SM-G950F_device=dreamlte, 32.10290141374626, 35.20873062819667, 691.5268796313188, Ariel_University, 1c:b9:c4:14:2f:68, 6, -84.0, 
2017-12-03 08:41:31, model=SM-G950F_device=dreamlte, 32.10256909140677, 35.20904330266687, 691.823611004453, UnKnown, 1c:b9:c4:96:f4:27, 44, -88.0, 
2017-12-03 08:41:31, model=SM-G950F_device=dreamlte, 32.10286376318002, 35.20867375855864, 690.7451165574274, Ariel_University, 1c:b9:c4:14:2f:6c, 36, -88.0, 
2017-12-03 08:41:34, model=SM-G950F_device=dreamlte, 32.10314316709271, 35.2098542558329, 699.0966900587582, Ariel_University, 1c:b9:c4:16:11:a8, 1, -76.0, 
2017-12-03 08:41:34, model=SM-G950F_device=dreamlte, 32.10254438570073, 35.208882095353935, 703.0733844955384, Ariel_University, ec:8c:a2:26:b1:78, 1, -82.0, 
2017-12-03 08:41:34, model=SM-G950F_device=dreamlte, 32.10275143690513, 35.20871090440722, 696.443628045058, Ariel_University, 1c:b9:c4:16:11:ac, 44, -83.0, 
2017-12-03 08:41:37, model=SM-G950F_device=dreamlte, 32.10238968634452, 35.20889065254366, 697.1442560472213, Ariel_University, 1c:b9:c4:16:28:fc, 36, -83.0, 
2017-12-03 08:41:37, model=SM-G950F_device=dreamlte, 32.10222608689802, 35.20960571623065, 690.6161238654564, Bezeq Free, 62:ab:1b:60:b4:cb, 8, -85.0, 
2017-12-03 08:41:37, model=SM-G950F_device=dreamlte, 32.10237639916292, 35.20924379539282, 692.1811944436871, Ariel_University, 1c:b9:c4:14:2c:18, 1, -85.0, 
2017-12-03 08:41:37, model=SM-G950F_device=dreamlte, 32.10227836359317, 35.209312030165506, 690.9431393486385, 036518749, a0:ab:1b:60:b4:ca, 8, -86.0, 
2017-12-03 08:41:37, model=SM-G950F_device=dreamlte, 32.102607004548126, 35.20935579007075, 694.8258856501565, Ariel_University, 1c:b9:c4:15:ed:78, 6, -86.0, 
2017-12-03 08:41:37, model=SM-G950F_device=dreamlte, 32.10245486546882, 35.20946116628892, 695.1136134890703, Ariel_University, 1c:b9:c4:16:04:78, 11, -86.0, 
2017-12-03 08:41:40, model=SM-G950F_device=dreamlte, 32.10243087789244, 35.20945792153455, 695.0575879942866, Ariel_University, 1c:b9:c4:14:2b:d8, 1, -81.0, 
2017-12-03 08:41:40, model=SM-G950F_device=dreamlte, 32.10219048031507, 35.209452340072374, 698.1542019280787, Ariel_University, 1c:b9:c4:14:2b:dc, 36, -87.0, 
2017-12-03 08:41:40, model=SM-G950F_device=dreamlte, 32.102266788195365, 35.20936972836928, 700.0373925815115, UnKnown, 1c:b9:c4:94:2b:d7, 36, -88.0, 
2017-12-03 08:41:40, model=SM-G950F_device=dreamlte, 32.103370018646906, 35.21017646661239, 699.1741728134513, Ariel_University, 1c:b9:c4:16:ed:38, 6, -88.0, 
2017-12-03 08:41:40, model=SM-G950F_device=dreamlte, 32.10238684451774, 35.208839692762645, 689.3336192271868, tachlit3, 48:ee:0c:3e:86:dd, 7, -89.0, 
2017-12-03 08:41:40, model=SM-G950F_device=dreamlte, 32.10224821333333, 35.209061420000005, 688.3333333333335, DIRECT-F4-HP DeskJet 3630 series, a0:8c:fd:0a:d5:f5, 6, -91.0, 
2017-12-03 08:41:44, model=SM-G950F_device=dreamlte, 32.10218540719723, 35.209047181746534, 688.8055403803091, DIRECT-55-HP DeskJet 3630 series, 3c:52:82:ef:d4:56, 6, -79.0, 
2017-12-03 08:41:44, model=SM-G950F_device=dreamlte, 32.10236549764857, 35.208941222638366, 695.607960956557, Ariel_University, 1c:b9:c4:16:f1:48, 1, -79.0, 
2017-12-03 08:41:44, model=SM-G950F_device=dreamlte, 32.10214478416738, 35.2090891821279, 689.2495328702597, Ariel_University, 1c:b9:c4:16:f1:4c, 36, -85.0, 
2017-12-03 08:41:44, model=SM-G950F_device=dreamlte, 32.10244583074487, 35.209543960176475, 694.989317049103, Ariel_University, 1c:b9:c4:15:3d:58, 11, -86.0, 
2017-12-03 08:41:47, model=SM-G950F_device=dreamlte, 32.10203983047525, 35.20943731889123, 690.2800788918092, Ariel_University, 1c:b9:c4:15:3a:38, 11, -82.0, 
2017-12-03 08:41:47, model=SM-G950F_device=dreamlte, 32.102087360755874, 35.209274849722625, 689.8985090426188, Ariel_University, 1c:b9:c4:15:1b:88, 11, -84.0, 
2017-12-03 08:41:47, model=SM-G950F_device=dreamlte, 32.10204840896786, 35.209305441513706, 690.6637923310731, UnKnown, 1c:b9:c4:95:3a:37, 44, -87.0, 
2017-12-03 08:41:47, model=SM-G950F_device=dreamlte, 32.10204900556897, 35.20951023814645, 691.1688209545404, Ariel_University, 1c:b9:c4:15:3a:3c, 44, -87.0, 
2017-12-03 08:41:47, model=SM-G950F_device=dreamlte, 32.102026573672966, 35.2094762371066, 690.8395915420006, Ariel_University, 1c:b9:c4:15:1b:8c, 58, -88.0, 
2017-12-03 08:41:47, model=SM-G950F_device=dreamlte, 32.10203983047525, 35.20943731889123, 690.2800788918092, Ariel_University, 1c:b9:c4:15:1e:68, 1, -88.0, 
2017-12-03 08:41:47, model=SM-G950F_device=dreamlte, 32.10204840896786, 35.209305441513706, 690.6637923310731, UnKnown, 1c:b9:c4:95:1b:87, 58, -89.0, 
2017-12-03 08:41:47, model=SM-G950F_device=dreamlte, 32.102459518819316, 35.209608320355585, 691.1534820805573, yosh, 00:11:6b:11:02:b7, 1, -90.0, 
2017-12-03 08:41:50, model=SM-G950F_device=dreamlte, 32.10199115789806, 35.20958210879809, 691.3292746776632, Ariel_University, 1c:b9:c4:15:ed:7c, 60, -83.0, 
2017-12-03 08:41:50, model=SM-G950F_device=dreamlte, 32.10199333525981, 35.20956920020382, 690.6006146664472, Ariel_University, 1c:b9:c4:15:3d:5c, 36, -85.0, 
2017-12-03 08:41:50, model=SM-G950F_device=dreamlte, 32.102363350923106, 35.209309324102406, 712.8081031063152, Ariel_University, 1c:b9:c4:16:f4:2c, 44, -88.0, 
2017-12-03 08:41:50, model=SM-G950F_device=dreamlte, 32.10250498116311, 35.20963226385326, 693.2553833644974, Ariel_University, 1c:b9:c4:15:1e:6c, 36, -89.0, 
2017-12-03 08:41:50, model=SM-G950F_device=dreamlte, 32.10199115789806, 35.20958210879809, 691.3292746776632, UnKnown, 1c:b9:c4:95:43:e7, 36, -90.0, 
2017-12-03 08:41:53, model=SM-G950F_device=dreamlte, 32.10204989920807, 35.20981699968769, 691.9252951056196, UnKnown, 1c:b9:c4:96:04:77, 60, -86.0, 
2017-12-03 08:41:53, model=SM-G950F_device=dreamlte, 32.1020128611466, 35.20971862683917, 690.9728487242917, DIRECT-71-HP DeskJet 3630 series, 30:e1:71:0f:a2:72, 6, -86.0, 
2017-12-03 08:41:53, model=SM-G950F_device=dreamlte, 32.10237048715743, 35.20927610860068, 702.5281337190751, UnKnown, 1c:b9:c4:96:11:a7, 44, -90.0, 
2017-12-03 08:41:59, model=SM-G950F_device=dreamlte, 32.1031449898409, 35.20989535595992, 704.5664677986845, KCG-ADSL, 00:1d:aa:81:d8:3c, 3, -72.0, 
2017-12-03 08:41:59, model=SM-G950F_device=dreamlte, 32.103140580307375, 35.210425619687776, 695.7951098503995, lab_6.1.3, c4:12:f5:f6:a0:18, 3, -84.0, 
2017-12-03 08:41:59, model=SM-G950F_device=dreamlte, 32.103209657148696, 35.21040302557287, 695.7775306294888, Ariel_University, 1c:b9:c4:16:ee:98, 6, -91.0, 
2017-12-03 08:42:02, model=SM-G950F_device=dreamlte, 32.103316429381174, 35.210249527016224, 694.4320426835801, Ariel_University, 1c:b9:c4:15:3d:68, 6, -84.0, 
2017-12-03 08:42:02, model=SM-G950F_device=dreamlte, 32.10260243618265, 35.2099145543279, 696.1665217613292, Ariel_University, 1c:b9:c4:16:ee:9c, 36, -85.0, 
2017-12-03 08:42:02, model=SM-G950F_device=dreamlte, 32.10264486782338, 35.209892953067396, 696.137835253083, Ariel_University, 1c:b9:c4:15:3d:6c, 44, -89.0, 
2017-12-03 08:42:02, model=SM-G950F_device=dreamlte, 32.10271821300793, 35.20987358845854, 692.6273169766765, Ariel_University, 1c:b9:c4:14:2c:38, 6, -90.0, 
2017-12-03 08:42:05, model=SM-G950F_device=dreamlte, 32.10292809340639, 35.20968454584194, 701.6940849492981, Ariel_University, 1c:b9:c4:14:30:38, 1, -86.0, 
2017-12-03 08:42:05, model=SM-G950F_device=dreamlte, 32.102939372811775, 35.20969256401257, 697.9747644847677, UnKnown, 1c:b9:c4:96:ed:37, 44, -87.0, 
2017-12-03 08:42:05, model=SM-G950F_device=dreamlte, 32.10326478634414, 35.20984174013729, 705.3643744300647, Ariel_University, 1c:b9:c4:16:ed:3c, 44, -87.0, 
2017-12-03 08:42:05, model=SM-G950F_device=dreamlte, 32.102644225465355, 35.20987366816749, 693.8597437245837, DIRECT-47-HP DeskJet 3630 series, 30:e1:71:0f:a2:49, 6, -88.0, 
2017-12-03 08:42:05, model=SM-G950F_device=dreamlte, 32.10339426271903, 35.210151418906825, 699.5724280489744, Ariel_University, 1c:b9:c4:12:af:78, 11, -88.0, 
2017-12-03 08:42:05, model=SM-G950F_device=dreamlte, 32.103002788300124, 35.209621396538324, 700.3247131166016, Ariel_University, 1c:b9:c4:12:af:7c, 40, -89.0, 
2017-12-03 08:42:05, model=SM-G950F_device=dreamlte, 32.1031995514696, 35.209989221333096, 695.9731106081979, Ariel_University, 1c:b9:c4:15:ec:38, 6, -90.0, 
2017-12-03 08:42:05, model=SM-G950F_device=dreamlte, 32.10297137261432, 35.209716957655054, 701.8830563202974, Ariel_University, 1c:b9:c4:14:30:3c, 44, -91.0, 
2017-12-03 08:42:08, model=SM-G950F_device=dreamlte, 32.10313651336824, 35.20974011957531, 699.0599677075211, DIRECT-3B-HP DeskJet 3630 series, 3c:52:82:ef:c4:3c, 6, -82.0, 
2017-12-03 08:42:08, model=SM-G950F_device=dreamlte, 32.10295127759153, 35.20969411336641, 699.4919763415244, Ariel_University, 1c:b9:c4:15:ec:3c, 36, -89.0, 
2017-12-03 08:42:08, model=SM-G950F_device=dreamlte, 32.10297670161672, 35.20967887906634, 699.6204142725466, UnKnown, 1c:b9:c4:95:ec:37, 36, -90.0, 
2017-12-03 08:42:08, model=SM-G950F_device=dreamlte, 32.10351451476514, 35.210261127539276, 697.0297735442443, Ariel_University, 1c:b9:c4:14:2b:88, 11, -90.0, 
2017-12-03 08:42:08, model=SM-G950F_device=dreamlte, 32.10297096576877, 35.20969008010126, 699.4513522115776, UnKnown, 1c:b9:c4:94:30:37, 44, -91.0, 
2017-12-03 08:42:11, model=SM-G950F_device=dreamlte, 32.10312562535882, 35.20963408863611, 698.5583897246466, UnKnown, 1c:b9:c4:92:af:77, 40, -86.0, 
2017-12-03 08:42:11, model=SM-G950F_device=dreamlte, 32.10381990859243, 35.210177726608904, 708.832971338225, Ariel_University, 1c:b9:c4:16:06:bc, 48, -89.0, 
2017-12-03 08:42:14, model=SM-G950F_device=dreamlte, 32.1040351241988, 35.2100597081404, 697.4992107272267, Ariel_University, 1c:b9:c4:16:06:b8, 11, -79.0, 
2017-12-03 08:42:14, model=SM-G950F_device=dreamlte, 32.10357968675891, 35.20988729901743, 697.7975263529161, DIRECT-51-HP DeskJet 3630 series, 3c:52:82:ef:d4:52, 6, -88.0, 
2017-12-03 08:42:14, model=SM-G950F_device=dreamlte, 32.10336843852835, 35.209749999731976, 700.2816614058985, IT-MNG, 1c:b9:c4:15:ed:b8, 1, -89.0, 
2017-12-03 08:42:14, model=SM-G950F_device=dreamlte, 32.10317960737113, 35.20971366661277, 698.781174975286, Ariel_University, 1c:b9:c4:16:f1:58, 6, -89.0, 
2017-12-03 08:42:17, model=SM-G950F_device=dreamlte, 32.10378045850537, 35.210093353418515, 706.4178449155428, UnKnown, 1c:b9:c4:96:06:b7, 48, -83.0, 
2017-12-03 08:42:17, model=SM-G950F_device=dreamlte, 32.10345797680923, 35.20982749294316, 699.917276308385, Ariel_University, 1c:b9:c4:16:e5:a8, 6, -87.0, 
2017-12-03 08:42:17, model=SM-G950F_device=dreamlte, 32.10360554777893, 35.20981182556972, 696.9845369879256, Ariel_University, 1c:b9:c4:16:e5:ac, 36, -88.0, 
2017-12-03 08:42:17, model=SM-G950F_device=dreamlte, 32.10349092681322, 35.20980729231757, 699.1709466804665, Onicom, c0:4a:00:71:ee:ee, 9, -91.0, 
2017-12-03 08:42:20, model=SM-G950F_device=dreamlte, 32.10379423425645, 35.21009722009455, 703.165784146395, Ariel_University, 24:79:2a:2b:bd:8c, 44, -88.0, 
2017-12-03 08:42:20, model=SM-G950F_device=dreamlte, 32.10379423425645, 35.21009722009455, 703.165784146395, UnKnown, 24:79:2a:ab:bd:87, 44, -89.0, 
2017-12-03 08:42:20, model=SM-G950F_device=dreamlte, 32.103616403540535, 35.2099082191094, 703.0946506133416, Ariel_University, 1c:b9:c4:16:ed:48, 6, -89.0, 
2017-12-03 08:42:23, model=SM-G950F_device=dreamlte, 32.1039478452367, 35.2105954877193, 698.0209358822841, Ariel_University, 24:79:2a:2b:bd:88, 11, -83.0, 
2017-12-03 08:42:23, model=SM-G950F_device=dreamlte, 32.103924779766444, 35.2105334604248, 699.0782649938403, Ariel_University, 24:79:2a:2c:5c:18, 11, -84.0, 
2017-12-03 08:42:23, model=SM-G950F_device=dreamlte, 32.10379312660727, 35.21017055891593, 703.2953560271397, Ariel_University, 24:79:2a:2b:07:b8, 11, -85.0, 
2017-12-03 08:42:23, model=SM-G950F_device=dreamlte, 32.103972476221976, 35.20985170028087, 698.8298254473234, HelpDesk, 60:e3:27:7b:e0:98, 4, -89.0, 
2017-12-03 08:42:23, model=SM-G950F_device=dreamlte, 32.103843058413425, 35.21017567899597, 702.8491172873287, Ariel_University, 24:79:2a:2b:07:bc, 36, -90.0, 
2017-12-03 08:42:26, model=SM-G950F_device=dreamlte, 32.103778149566686, 35.21014772944544, 698.462794536354, DIRECT-8A-HP DeskJet 3630 series, 3c:52:82:ef:a4:8b, 6, -89.0, 
2017-12-03 08:42:29, model=SM-G950F_device=dreamlte, 32.10414253466781, 35.21092082372666, 700.0074944538887, Ariel_University, 8c:0c:90:2e:e8:18, 6, -81.0, 
2017-12-03 08:42:29, model=SM-G950F_device=dreamlte, 32.10431957970825, 35.21063978502087, 691.1794822895504, Ariel_University, 1c:b9:c4:15:ed:38, 6, -89.0, 
2017-12-03 08:42:29, model=SM-G950F_device=dreamlte, 32.104093255298096, 35.210758150464635, 696.1215371817598, Ariel_University, 8c:0c:90:2d:34:38, 11, -90.0, 
2017-12-03 08:42:32, model=SM-G950F_device=dreamlte, 32.10431743485491, 35.210449679690036, 693.2607725693648, Ariel_University, 24:79:2a:2b:24:98, 1, -82.0, 
2017-12-03 08:42:32, model=SM-G950F_device=dreamlte, 32.104049523948895, 35.210594406113, 696.8299546127412, Ariel_University, 24:79:2a:2c:61:68, 6, -86.0, 
2017-12-03 08:42:32, model=SM-G950F_device=dreamlte, 32.104065424799884, 35.21056380796895, 697.5076283965512, Ariel_University, 24:79:2a:2b:24:9c, 36, -87.0, 
2017-12-03 08:42:32, model=SM-G950F_device=dreamlte, 32.104151197447415, 35.21102101253584, 696.0163388755702, Ariel_University, 1c:b9:c4:16:e8:fc, 36, -89.0, 
2017-12-03 08:42:32, model=SM-G950F_device=dreamlte, 32.1041458860571, 35.21079796191758, 704.3602107127931, Ariel_University, 1c:b9:c4:15:ed:3c, 36, -89.0, 
2017-12-03 08:42:35, model=SM-G950F_device=dreamlte, 32.10416441440449, 35.211022929312314, 695.9736127127666, Ariel_University, 1c:b9:c4:15:41:7c, 44, -83.0, 
2017-12-03 08:42:35, model=SM-G950F_device=dreamlte, 32.104390539279606, 35.21093584724216, 690.1308849910572, Ariel_University, 1c:b9:c4:16:e8:f8, 11, -83.0, 
2017-12-03 08:42:35, model=SM-G950F_device=dreamlte, 32.10416304834409, 35.210881795960624, 704.2368785802855, UnKnown, 1c:b9:c4:95:41:77, 44, -84.0, 
2017-12-03 08:42:35, model=SM-G950F_device=dreamlte, 32.10417794754965, 35.211031940738636, 700.5626802876995, UnKnown, 1c:b9:c4:96:e8:f7, 36, -89.0, 
2017-12-03 08:42:38, model=SM-G950F_device=dreamlte, 32.104180210701166, 35.210971616382466, 697.8335736441354, UnKnown, 1c:b9:c4:95:ed:37, 36, -85.0, 
2017-12-03 08:42:38, model=SM-G950F_device=dreamlte, 32.104222847173226, 35.211140721517786, 703.1199820980639, Ariel_University, 1c:b9:c4:14:36:fc, 36, -90.0, 
2017-12-03 08:42:41, model=SM-G950F_device=dreamlte, 32.10421174650141, 35.211189336085184, 697.9876832678715, UnKnown, 1c:b9:c4:94:36:f7, 36, -89.0, 
2017-12-03 08:42:59, model=SM-G950F_device=dreamlte, 32.10490479074945, 35.211247446727874, 697.4311692397619, UnKnown, ec:8c:a2:88:79:a7, 36, -83.0, 
2017-12-03 08:42:59, model=SM-G950F_device=dreamlte, 32.10490479074945, 35.211247446727874, 697.4311692397619, UnKnown, 1c:b9:c4:96:05:77, 36, -90.0, 
2017-12-03 08:42:59, model=SM-G950F_device=dreamlte, 32.104378972353146, 35.210710427936114, 692.6355787268432, yosh, 00:11:6b:11:7e:0c, 1, -90.0, 
2017-12-03 08:44:54, model=SM-G950F_device=dreamlte, 32.105083845149835, 35.21105176968496, 723.7793960780249, Ariel_University, 1c:b9:c4:16:2b:ec, 36, -91.0, 
2017-12-03 08:45:00, model=SM-G950F_device=dreamlte, 32.10465928740588, 35.20987658862809, 709.8997081079584, UnKnown, 00:1a:dd:f5:e2:e4, 8, -88.0, 
2017-12-03 08:45:00, model=SM-G950F_device=dreamlte, 32.104681664839795, 35.20995632756059, 697.206698953333, Afikim_Wifi, 00:1a:dd:f5:e2:e5, 8, -91.0, 
2017-12-03 08:45:06, model=SM-G950F_device=dreamlte, 32.1049280958924, 35.21028241262848, 722.9373547253995, HP-Print-4b-LaserJet 400, 08:ed:b9:3d:8f:4b, 6, -89.0, 
2017-12-03 08:45:06, model=SM-G950F_device=dreamlte, 32.1049280958924, 35.21028241262848, 722.9373547253995, Ariel_University, 1c:b9:c4:15:34:bc, 36, -90.0, 
2017-12-03 08:45:10, model=Lenovo PB2-690Y_device=PB2PRO, 32.10474846, 35.21005988, 687.0, DIRECT-B1-HP DeskJet 3830 series, 70:5a:0f:57:04:17, 11, -84.0, 
2017-12-03 08:45:10, model=Lenovo PB2-690Y_device=PB2PRO, 32.10474846, 35.21005988, 687.0, Ariel_University, 1c:b9:c4:15:25:4c, 44, -87.0, 
2017-12-03 08:45:12, model=SM-G950F_device=dreamlte, 32.10437413495546, 35.20949431049183, 718.6908640765267, CliClap, 90:6c:ac:9f:f1:c5, 2, -86.0, 
2017-12-03 08:45:13, model=Lenovo PB2-690Y_device=PB2PRO, 32.10468510784811, 35.20991844972952, 702.0969432261356, UnKnown, 8c:0c:90:6f:36:58, 1, -78.0, 
2017-12-03 08:45:16, model=Lenovo PB2-690Y_device=PB2PRO, 32.10456799755579, 35.2097095986946, 700.5517645556369, incentive2, a2:6c:ac:a0:60:55, 36, -84.0, 
2017-12-03 08:45:19, model=Lenovo PB2-690Y_device=PB2PRO, 32.10447804, 35.20959776, 687.0, DIRECT-42-HP DeskJet 3830 series, 70:5a:0f:57:42:43, 11, -75.0, 
2017-12-03 08:45:22, model=Lenovo PB2-690Y_device=PB2PRO, 32.103656494499205, 35.209041782368836, 688.1589825119236, restore, b2:6c:ac:a0:18:29, 6, -81.0, 
2017-12-03 08:45:22, model=Lenovo PB2-690Y_device=PB2PRO, 32.10461403138597, 35.20982428340173, 702.1114940185931, Salomon, 90:8d:78:54:6b:4d, 1, -85.0, 
2017-12-03 08:45:24, model=SM-G950F_device=dreamlte, 32.10443817829405, 35.209434287863935, 719.6266737423158, UnKnown, 24:79:2a:ac:5b:d7, 36, -92.0, 
2017-12-03 08:45:28, model=Lenovo PB2-690Y_device=PB2PRO, 32.104319630193075, 35.2093142664323, 700.0963909354675, Guest, a2:6c:ac:9f:f1:c5, 2, -80.0, 
2017-12-03 08:45:33, model=SM-G950F_device=dreamlte, 32.10442004035589, 35.209534891779434, 721.24056604577, paysday, b2:6c:ac:9f:f1:c5, 2, -83.0, 
2017-12-03 08:45:33, model=SM-G950F_device=dreamlte, 32.10400629568038, 35.20897410789561, 716.4196812362657, UnKnown, 1c:b9:c4:96:cc:d7, 36, -89.0, 
2017-12-03 08:45:36, model=SM-G950F_device=dreamlte, 32.103804549959996, 35.2094108413605, 710.5237985474439, Ariel_University, 1c:b9:c4:16:1d:7c, 44, -82.0, 
2017-12-03 08:45:36, model=SM-G950F_device=dreamlte, 32.10386009727099, 35.20889523702908, 715.6639357440854, Ariel_University, 8c:0c:90:2f:ca:18, 1, -87.0, 
2017-12-03 08:45:36, model=SM-G950F_device=dreamlte, 32.103060460550886, 35.2095654448444, 701.8832366055766, UnKnown, 00:02:6f:8e:64:67, 1, -87.0, 
2017-12-03 08:45:39, model=Lenovo PB2-690Y_device=PB2PRO, 32.10359091707677, 35.20913775146896, 691.8362638017256, DIRECT-61-HP DeskJet 3630 series, 30:e1:71:0d:e0:63, 6, -93.0, 
2017-12-03 08:45:42, model=SM-G950F_device=dreamlte, 32.10335761027435, 35.208780329822076, 697.8541109750818, Ariel_University, 24:79:2a:2c:3d:68, 6, -89.0, 
2017-12-03 08:45:42, model=SM-G950F_device=dreamlte, 32.10358021192196, 35.20879298098192, 701.4835896790004, Ariel_University, 1c:b9:c4:16:12:e8, 1, -90.0, 
2017-12-03 08:45:48, model=SM-G950F_device=dreamlte, 32.10335097564063, 35.20913989467523, 714.1950761924569, UnKnown, 1c:b9:c4:92:90:b7, 40, -89.0, 
2017-12-03 08:45:51, model=Lenovo PB2-690Y_device=PB2PRO, 32.10317482515456, 35.20878664614041, 702.2001152745873, UnKnown, 8c:0c:90:ad:75:e3, 1, -89.0, 
2017-12-03 08:45:57, model=SM-G950F_device=dreamlte, 32.10296085254736, 35.20883419348608, 714.3703447936505, UnKnown, 1c:b9:c4:94:33:c7, 48, -83.0, 
2017-12-03 08:46:06, model=Lenovo PB2-690Y_device=PB2PRO, 32.10241537, 35.208865, 688.0000000000001, SETUP, 7e:ff:30:08:7f:bd, 11, -80.0, 
2017-12-03 08:46:13, model=SM-G950F_device=dreamlte, 32.102154331145634, 35.209271430975335, 704.4655391533247, UnKnown, 1c:b9:c4:96:f1:47, 36, -83.0, 
2017-12-03 08:46:13, model=SM-G950F_device=dreamlte, 32.10207069594677, 35.209461325090764, 701.8361961164649, DIRECT-5C-HP DeskJet 3630 series, fc:3f:db:9c:36:3d, 6, -89.0, 
2017-12-03 08:46:15, model=Lenovo PB2-690Y_device=PB2PRO, 32.102242905303754, 35.209293106497256, 702.5210240284545, Ariel_University, 1c:b9:c4:16:04:7c, 60, -84.0, 
2017-12-03 08:46:18, model=Lenovo PB2-690Y_device=PB2PRO, 32.10199985631756, 35.20966248877944, 698.3255763586318, UnKnown, 1c:b9:c4:95:3d:57, 36, -82.0, 
2017-12-03 08:46:19, model=SM-G950F_device=dreamlte, 32.10229421673968, 35.209217617562274, 705.6691958027861, Ariel_University, 1c:b9:c4:15:43:ec, 36, -89.0, 
2017-12-03 08:46:24, model=Lenovo PB2-690Y_device=PB2PRO, 32.10267237837707, 35.20994657146655, 698.8157559158599, Bezeq, 84:c9:b2:b7:c8:2d, 6, -82.0, 
2017-12-03 08:46:24, model=Lenovo PB2-690Y_device=PB2PRO, 32.1020859, 35.20993739, 692.0, Malibu, 10:0d:7f:7c:90:0a, 11, -91.0, 
2017-12-03 08:46:24, model=Lenovo PB2-690Y_device=PB2PRO, 32.1020859, 35.20993739, 692.0, klyn, d0:d4:12:68:5b:ca, 1, -95.0, 
2017-12-03 08:46:27, model=Lenovo PB2-690Y_device=PB2PRO, 32.10219096272229, 35.21000284804825, 701.4178563910365, GuyEmily, 14:ae:db:4f:50:75, 6, -85.0, 
2017-12-03 08:46:27, model=Lenovo PB2-690Y_device=PB2PRO, 32.10225656, 35.21001902, 692.0, TP-LINK_D59886, e8:94:f6:d5:98:86, 9, -94.0, 
2017-12-03 08:46:31, model=SM-G950F_device=dreamlte, 32.10263051540787, 35.21002970756891, 712.9572535195944, UnKnown, 1c:b9:c4:95:3d:67, 44, -88.0, 
2017-12-03 08:46:31, model=SM-G950F_device=dreamlte, 32.10263051540787, 35.21002970756891, 712.9572535195944, UnKnown, 1c:b9:c4:95:1e:67, 36, -89.0, 
2017-12-03 08:46:34, model=SM-G950F_device=dreamlte, 32.102828942569055, 35.20990359456348, 712.964955332782, UnKnown, 1c:b9:c4:96:ee:97, 36, -91.0, 
2017-12-03 08:46:43, model=SM-G950F_device=dreamlte, 32.103388164157224, 35.209780212663475, 713.0579802632583, Ariel_University, 1c:b9:c4:15:1c:bc, 36, -90.0, 
2017-12-03 08:46:43, model=SM-G950F_device=dreamlte, 32.103388164157224, 35.209780212663475, 713.0579802632583, Ariel_University, 1c:b9:c4:14:2b:8c, 44, -90.0, 
2017-12-03 08:47:15, model=Lenovo PB2-690Y_device=PB2PRO, 32.10427657730213, 35.211407297869826, 700.8602995383, BezeqNGN_009030_2.4GHz_1, 3c:1e:04:05:5f:f5, 1, -95.0, 
2017-12-03 08:49:18, model=SM-G950F_device=dreamlte, 32.10500618141325, 35.21121884301277, 710.7756189683926, UnKnown, 1c:b9:c4:96:2b:e7, 36, -89.0, 
2017-12-03 08:49:29, model=Lenovo PB2-690Y_device=PB2PRO, 32.10497406, 35.2111867, 696.0, DIRECT-98-HP DeskJet 3630 series, a0:8c:fd:8c:c5:b2, 6, -92.0, 
2017-12-03 08:49:32, model=Lenovo PB2-690Y_device=PB2PRO, 32.10497523, 35.21118447, 698.0, DIRECT-69-HP DeskJet 3630 series, 30:e1:71:0f:b2:6a, 6, -93.0, 
2017-12-03 08:49:44, model=Lenovo PB2-690Y_device=PB2PRO, 32.104883370788976, 35.210377038349996, 703.9417479757116, Afikim_Wifi, 00:1a:dd:f5:df:c5, 6, -93.0, 
2017-12-03 08:49:48, model=SM-G950F_device=dreamlte, 32.10494482726751, 35.210446896260514, 717.6172124232385, UnKnown, 18:d6:c7:ad:25:1a, 13, -89.0, 
2017-12-03 08:49:48, model=SM-G950F_device=dreamlte, 32.10494482726751, 35.210446896260514, 717.6172124232385, UnKnown, 00:1a:dd:f5:df:c4, 6, -89.0, 
2017-12-03 08:49:48, model=SM-G950F_device=dreamlte, 32.10494482726751, 35.210446896260514, 717.6172124232385, UnKnown, 30:b5:c2:b8:40:36, 13, -91.0, 
2017-12-03 08:49:58, model=Lenovo PB2-690Y_device=PB2PRO, 32.10473133, 35.21000489, 687.0, YICarCam_fb9630, 58:70:c6:fb:96:30, 5, -88.0, 
2017-12-03 08:49:58, model=Lenovo PB2-690Y_device=PB2PRO, 32.10473133, 35.21000489, 687.0, HP-Print-2c-LaserJet 400 color, 9c:d2:1e:04:e6:2c, 6, -91.0, 
2017-12-03 08:50:04, model=Lenovo PB2-690Y_device=PB2PRO, 32.10455252, 35.2096924, 689.0, DIRECT-66-HP DeskJet 3630 series, 30:e1:71:0d:e0:67, 6, -83.0, 
2017-12-03 08:50:20, model=SM-G950F_device=dreamlte, 32.10377001820289, 35.20885655710274, 710.364346402885, UnKnown, 1c:b9:c4:96:1d:77, 44, -85.0, 
2017-12-03 08:50:36, model=SM-G950F_device=dreamlte, 32.10293474085022, 35.20878314332855, 707.5299710413922, UnKnown, 1c:b9:c4:94:2f:67, 36, -84.0, 
2017-12-03 08:51:09, model=SM-G950F_device=dreamlte, 32.10276944487593, 35.2098541913716, 693.6727963722738, Ariel_University, 1c:b9:c4:14:2c:3c, 52, -87.0, 
2017-12-03 08:51:21, model=SM-G950F_device=dreamlte, 32.103255738934585, 35.209738021937625, 703.850802856839, UnKnown, 1c:b9:c4:96:f1:57, 52, -89.0, 
2017-12-03 08:51:21, model=SM-G950F_device=dreamlte, 32.103295844917916, 35.20975205100756, 703.8946391310719, Ariel_University, 1c:b9:c4:16:f1:5c, 52, -89.0, 
2017-12-03 08:51:30, model=SM-G950F_device=dreamlte, 32.103808983134705, 35.21015602704584, 707.4074410866396, Ariel_University, 24:79:2a:2c:5c:1c, 36, -89.0, 
2017-12-03 08:51:36, model=SM-G950F_device=dreamlte, 32.103986543611605, 35.21044402294606, 705.1048860032018, UnKnown, 24:79:2a:ac:5c:17, 36, -91.0, 
2017-12-03 08:51:39, model=SM-G950F_device=dreamlte, 32.10406637837736, 35.21063207786472, 704.8039142370221, UnKnown, 24:79:2a:ab:24:97, 36, -86.0, 
2017-12-03 08:51:42, model=SM-G950F_device=dreamlte, 32.10413712623305, 35.21082446017363, 704.7212452331758, Bezeq-N_0777b8, c8:be:19:07:77:b9, 11, -88.0, 
2017-12-03 08:51:42, model=SM-G950F_device=dreamlte, 32.10413712623305, 35.21082446017363, 704.7212452331758, Ariel_University, 24:79:2a:2c:61:6c, 36, -92.0, 
2017-12-03 08:53:26, model=SM-G950F_device=dreamlte, 32.105028069933155, 35.210961717985285, 733.9581295039463, UnKnown, 1c:b9:c4:95:36:97, 36, -86.0, 
2017-12-03 08:53:41, model=SM-G950F_device=dreamlte, 32.10481856308317, 35.210123150849206, 726.1049342872047, Ariel_University, 24:c9:a1:36:52:d8, 1, -90.0, 
2017-12-03 08:53:47, model=SM-G950F_device=dreamlte, 32.10465583147739, 35.209799109729424, 721.9074685803262, EVE, 90:6c:ac:a0:7b:55, 52, -73.0, 
2017-12-03 08:53:47, model=SM-G950F_device=dreamlte, 32.10465583147739, 35.209799109729424, 721.9074685803262, Guest, 90:6c:ac:a0:60:55, 36, -82.0, 
2017-12-03 08:55:05, model=SM-G950F_device=dreamlte, 32.10273219051523, 35.20985851911513, 700.7274087140465, UnKnown, 1c:b9:c4:94:2c:37, 52, -90.0, 
2017-12-03 08:57:58, model=Lenovo PB2-690Y_device=PB2PRO, 32.103125959113406, 35.209258828329894, 697.1804123711339, AndroidAP, c0:bd:d1:d5:8c:55, 6, -80.0, 
2017-12-03 09:01:13, model=Lenovo PB2-690Y_device=PB2PRO, 32.10300921, 35.2096084, 701.0, OOP_course, e4:95:6e:40:87:1a, 1, -20.0, 
2017-12-03 09:06:35, model=Lenovo PB2-690Y_device=PB2PRO, 32.10381301, 35.21016707, 708.0, Ariel_University, 24:79:2a:2b:02:78, 6, -80.0, 
2017-12-03 09:07:13, model=Lenovo PB2-690Y_device=PB2PRO, 32.1034255, 35.20978696, 702.0, IT-MNG, 1c:b9:c4:15:ed:bc, 48, -85.0, 
