Time, ID, Lat, Lon, Alt, #WiFi networks, SSID1, MAC1, Frequncy1, Signal1, SSID2, MAC2, Frequncy2, Signal2, SSID3, MAC3, Frequncy3, Signal3, SSID4, MAC4, Frequncy4, Signal4, SSID5, MAC5, Frequncy5, Signal5, SSID6, MAC6, Frequncy6, Signal6, SSID7, MAC7, Frequncy7, Signal7, SSID8, MAC8, Frequncy8, Signal8, SSID9, MAC9, Frequncy9, Signal9, SSID10, MAC10, Frequncy10, Signal10, 
2017-12-01 10:42:54, NRD90M.G950FXXU1AQJ5, 32.17224246105308, 34.8144489381276, 7.777438959165592, 1, HOTBOX-D88A, c0:ac:54:f5:b4:c9, 1, -92, 
2017-12-01 10:43:00, NRD90M.G950FXXU1AQJ5, 32.172238019565235, 34.81444473498782, 10.580361150029846, 1, Efrat, b4:ee:b4:86:c0:f1, 11, -74, 
2017-12-01 10:43:06, NRD90M.G950FXXU1AQJ5, 32.172252019523675, 34.814391891326764, 17.18081811626479, 1, angela, 80:1f:02:f5:d8:e8, 1, -89, 
2017-12-01 10:43:18, NRD90M.G950FXXU1AQJ5, 32.172265215924426, 34.81421445142988, 22.818991521293682, 1, KarvatB0.5, 14:ae:db:cc:ed:6d, 48, -89, 
2017-12-01 10:43:29, NRD90M.G950FXXU1AQJ5, 32.1723485161587, 34.81363858823374, 24.55807198020147, 1, Bezeq Free GA32E3, 52:b0:ce:ac:32:98, 1, -80, 
2017-12-01 10:43:33, NRD90M.G950FXXU1AQJ5, 32.17238058500455, 34.81341290942063, 25.130925493340825, 1, dobry2016, 6c:b0:ce:ac:32:9b, 1, -69, 
2017-12-01 10:43:37, NRD90M.G950FXXU1AQJ5, 32.17241155333384, 34.81318688512261, 25.941801984532795, 2, DIR-825-4f83, 80:26:89:0d:4f:84, 1, -66, Partner, 42501_13111_7943940, 0, -105, 
2017-12-01 10:43:41, NRD90M.G950FXXU1AQJ5, 32.17244042298214, 34.81295646141121, 26.35851917429424, 1, DIR-825-4f83, 80:26:89:0d:4f:84, 1, -57, 
2017-12-01 10:43:45, NRD90M.G950FXXU1AQJ5, 32.17248344093608, 34.81270507338805, 27.122038414759338, 2, ELDAD, 10:0d:7f:80:17:80, 11, -78, Eldad_2EX, 80:1f:02:e8:b9:cc, 11, -82, 
2017-12-01 10:43:57, NRD90M.G950FXXU1AQJ5, 32.17240151409594, 34.812091884783165, 29.035709105267408, 3, urigil1, a0:ab:1b:5d:c2:60, 10, -90, INGENEO, cc:b2:55:e8:4c:e6, 6, -91, Partner, 42501_13111_7943940, 0, -103, 
2017-12-01 10:44:01, NRD90M.G950FXXU1AQJ5, 32.17217553070084, 34.81201239183262, 29.32418162501339, 3, Helen., a0:ab:1b:57:cd:42, 10, -79, U2I8L1M0X42, 54:64:d9:66:29:ef, 11, -85, Partner, 42501_13111_7943940, 0, -97, 
2017-12-01 10:44:05, NRD90M.G950FXXU1AQJ5, 32.17188758190333, 34.81190851897319, 29.638531482264742, 1, Liza, 8c:59:c3:ea:db:4a, 1, -78, 
2017-12-01 10:44:11, NRD90M.G950FXXU1AQJ5, 32.17149430101505, 34.811757862271804, 29.890260289021505, 1, varda, c4:12:f5:85:27:c2, 1, -87, 
2017-12-01 10:44:14, NRD90M.G950FXXU1AQJ5, 32.17134020148104, 34.81169555724996, 29.78929958349117, 2, mika1, c4:12:f5:fb:c0:3e, 1, -82, donush, c0:ac:54:f5:b7:f2, 1, -87, 
2017-12-01 10:44:18, NRD90M.G950FXXU1AQJ5, 32.17113909756608, 34.811594706105254, 29.498589764617535, 2, DAVID, d8:fb:5e:17:1b:d6, 11, -92, Partner, 42501_13111_7943940, 0, -103, 
2017-12-01 10:44:22, NRD90M.G950FXXU1AQJ5, 32.17094198600168, 34.81148871152029, 29.247534754719787, 2, TP-LINK_2C3A, 84:16:f9:d7:2c:3a, 1, -90, home, 00:13:d4:0f:f3:ba, 1, -83, 
2017-12-01 10:44:26, NRD90M.G950FXXU1AQJ5, 32.17073022335429, 34.81136052218762, 28.851810564672878, 1, home, 00:13:d4:0f:f3:ba, 1, -77, 
2017-12-01 10:44:30, NRD90M.G950FXXU1AQJ5, 32.17052489858893, 34.811243700290355, 28.48330590693121, 5, HOTFiber-A53E, 7c:b7:33:a1:7e:98, 6, -80, rdk, e4:d3:f1:9a:81:60, 13, -85, RDK, 58:b6:33:34:81:a8, 1, -85, RDK, 58:b6:33:34:ae:f8, 11, -85, dlink, 40:9b:cd:11:2f:88, 44, -92, 
2017-12-01 10:44:38, NRD90M.G950FXXU1AQJ5, 32.17005047256307, 34.811007615648165, 28.289290688769423, 2, Neeman2.4_5, 20:0c:c8:1d:c8:2c, 60, -89, Partner, 42501_13111_7943940, 0, -109, 
2017-12-01 10:44:41, NRD90M.G950FXXU1AQJ5, 32.16984101063408, 34.8109235856239, 28.201870747562097, 2, HP-Print-20-Deskjet 4640 series, fc:15:b4:65:09:20, 1, -87, HOTBOX-2E6E, c0:ac:54:f7:27:42, 11, -89, 
2017-12-01 10:44:45, NRD90M.G950FXXU1AQJ5, 32.16957387526252, 34.810821554661544, 27.987686538725544, 1, Partner, 42501_13111_7943940, 0, -99, 
2017-12-01 10:44:49, NRD90M.G950FXXU1AQJ5, 32.16930328971546, 34.81071393258221, 27.82938002803731, 1, edimax_2.4G_A92417, 74:da:38:a9:24:17, 3, -75, 
2017-12-01 10:44:57, NRD90M.G950FXXU1AQJ5, 32.168823167573045, 34.810544049627936, 27.11526685223747, 6, RS_GUEST, ec:08:6b:38:0d:dd, 12, -85, RS_GUEST_5G, ec:08:6b:38:0d:dc, 44, -89, DIRECT-F4-HP DeskJet 3830 series, c8:d3:ff:57:60:f5, 1, -89, simon, e4:6f:13:73:0a:c2, 8, -89, KaymeraDev, 00:f6:63:15:58:8e, 36, -92, HTC, 06:c2:3e:e4:21:85, 4, -89, 
2017-12-01 10:45:01, NRD90M.G950FXXU1AQJ5, 32.168721003548164, 34.81072410830097, 27.618449512847366, 1, LRWN, 0c:f4:d5:29:a2:9c, 36, -91, 
2017-12-01 10:45:13, NRD90M.G950FXXU1AQJ5, 32.168846097297546, 34.811787470063976, 28.29109853755457, 4, LRWN, 0c:f4:d5:29:a2:9c, 36, -76, LRWN, ec:8c:a2:09:dd:4c, 44, -70, HOTFiber-400D, 40:65:a3:2b:62:22, 6, -88, HOTFiber-400D, 40:65:a3:2b:62:0e, 6, -89, 
2017-12-01 10:45:21, NRD90M.G950FXXU1AQJ5, 32.169298848048044, 34.8120318394415, 27.688435207713404, 1, Partner, 42501_13111_7943940, 0, -107, 
2017-12-01 10:45:25, NRD90M.G950FXXU1AQJ5, 32.169545831397976, 34.81214324467331, 26.834423759379202, 1, nina, 20:0c:c8:2b:2a:14, 11, -68, 
2017-12-01 10:45:29, NRD90M.G950FXXU1AQJ5, 32.16978401146249, 34.81225704427234, 26.41969286035642, 5, arama, 80:1f:02:36:04:d0, 11, -81, hilda, 00:30:4f:91:36:07, 6, -89, BezeqFree, 5a:ab:1b:62:0d:fd, 2, -93, Astra, 00:21:63:4d:73:31, 6, -92, Partner, 42501_13111_7943940, 0, -101, 
2017-12-01 10:45:33, NRD90M.G950FXXU1AQJ5, 32.1700244717399, 34.8123593768823, 26.279075491882708, 3, UFI_UF230_B3F, 00:0b:6c:4d:1b:3f, 6, -83, landau, d4:7b:b0:79:65:fc, 11, -92, HP-Print-8A-Deskjet 4640 series, 8c:dc:d4:6a:a9:8a, 11, -89, 
2017-12-01 10:45:37, NRD90M.G950FXXU1AQJ5, 32.170257763614224, 34.81246926564551, 26.042709343281796, 3, klaiman, a0:ab:1b:62:0d:fc, 2, -78, ter123, 70:4d:7b:0c:89:50, 6, -72, HOTBOX-62EF, d8:fb:5e:17:62:f5, 1, -80, 
2017-12-01 10:45:41, NRD90M.G950FXXU1AQJ5, 32.17050972538356, 34.81258190129876, 26.066423141730525, 1, UFI_UF230_B3F, 00:0b:6c:4d:1b:3f, 6, -70, 
2017-12-01 10:45:45, NRD90M.G950FXXU1AQJ5, 32.17075992790425, 34.81269650889793, 25.95824106504077, 1, Oded 2.4Ghz, 00:12:2a:e1:6c:48, 11, -83, 
2017-12-01 10:45:49, NRD90M.G950FXXU1AQJ5, 32.17100836271353, 34.81281338424775, 25.5806087173453, 2, Oded 5Ghz, 00:12:2a:e1:6c:4c, 48, -84, Partner, 42501_13111_7943940, 0, -97, 
2017-12-01 10:45:53, NRD90M.G950FXXU1AQJ5, 32.17125707817382, 34.81291128023999, 25.509189468691844, 1, yotam17, f8:ab:05:e9:6d:3d, 10, -85, 
2017-12-01 10:46:04, NRD90M.G950FXXU1AQJ5, 32.17198534972246, 34.81299603716402, 26.593085271027938, 2, SHAHAF2.4, 20:0c:c8:0a:ef:2a, 11, -82, Partner, 42501_13111_7943948, 0, -103, 
2017-12-01 10:46:07, NRD90M.G950FXXU1AQJ5, 32.172152473716416, 34.81301798358491, 26.289785056235647, 2, Oded 5Ghz, 00:12:2a:e1:6c:4c, 48, -89, Partner, 42501_13111_7943940, 0, -95, 
2017-12-01 10:46:13, NRD90M.G950FXXU1AQJ5, 32.172434684187074, 34.813112686158654, 26.95797609468581, 1, sellahome, d8:fb:5e:17:47:f8, 9, -73, 
2017-12-01 10:46:28, NRD90M.G950FXXU1AQJ5, 32.172328818282836, 34.81401199636586, 28.284107087616025, 1, DIR-825-4f83, 80:26:89:0d:4f:84, 1, -88, 
2017-12-01 10:46:31, NRD90M.G950FXXU1AQJ5, 32.172304696157184, 34.81416528123218, 28.549371760181504, 1, Partner, 42501_13111_7943940, 0, -107, 
2017-12-01 10:49:08, NRD90M.G950FXXU1AQJ5, 32.17218268216534, 34.81446401702757, 13.65040888895076, 1, Efrat, 40:65:a3:35:4c:c4, 1, -75, 
2017-12-01 10:49:14, NRD90M.G950FXXU1AQJ5, 32.172209259560766, 34.814448298318844, 15.376435938028056, 1, Volvo247, 08:97:58:32:69:c6, 4, -81, 
2017-12-01 10:49:29, NRD90M.G950FXXU1AQJ5, 32.172250875103074, 34.81436692415887, 25.869143128974688, 1, love, 14:ae:db:58:73:75, 1, -78, 
2017-12-01 10:49:44, NRD90M.G950FXXU1AQJ5, 32.17228483399432, 34.814036899369874, 30.59005383029067, 1, Chakir, 00:12:2a:35:c8:7c, 1, -86, 
2017-12-01 10:49:47, NRD90M.G950FXXU1AQJ5, 32.17230733807558, 34.81387685906902, 30.93962047051264, 1, Orit, c4:a8:1d:12:7d:4c, 6, -69, 
2017-12-01 10:49:56, NRD90M.G950FXXU1AQJ5, 32.172382685741084, 34.81336124587249, 31.34185373223523, 1, Mevohot_1, 20:0c:c8:1b:a2:48, 6, -70, 
2017-12-01 10:50:02, NRD90M.G950FXXU1AQJ5, 32.1724135732166, 34.81308167653217, 31.47562002932132, 1, Partner, 42501_13111_7943940, 0, -105, 
2017-12-01 10:50:05, NRD90M.G950FXXU1AQJ5, 32.17244003231061, 34.81291470608912, 31.60427366454716, 3, DIR-825-4f83, 80:26:89:0d:4f:84, 1, -77, DIR-825-4f83, 80:26:89:0d:4f:84, 1, -68, Partner, 42501_13111_7943940, 0, -99, 
2017-12-01 10:50:08, NRD90M.G950FXXU1AQJ5, 32.17248382374769, 34.812693847413286, 31.655143780144986, 1, NIPPON_3687, 08:97:58:32:d2:98, 2, -88, 
2017-12-01 10:50:11, NRD90M.G950FXXU1AQJ5, 32.1725225188478, 34.81247911919242, 31.65132309930995, 2, NIPPON_3687, 08:97:58:32:d2:98, 2, -80, Hotbox, 00:78:9e:f9:e8:58, 11, -91, 
2017-12-01 10:50:14, NRD90M.G950FXXU1AQJ5, 32.17254564957508, 34.81226897382831, 31.618010387253292, 1, varda, c4:12:f5:85:27:c2, 1, -86, 
2017-12-01 10:50:20, NRD90M.G950FXXU1AQJ5, 32.17229408710547, 34.812042356198646, 31.564860016164797, 1, Helen., a0:ab:1b:57:cd:42, 10, -74, 
2017-12-01 10:50:26, NRD90M.G950FXXU1AQJ5, 32.17191742911665, 34.811904195497384, 31.367229751535387, 1, Partner, 42501_13111_7943940, 0, -97, 
2017-12-01 10:50:29, NRD90M.G950FXXU1AQJ5, 32.171728186062275, 34.8118405837912, 31.30445033277722, 1, Ben Ami_2.4, c4:04:15:60:6a:b5, 11, -73, 
2017-12-01 10:50:32, NRD90M.G950FXXU1AQJ5, 32.17154067297358, 34.811768201385796, 31.186797226280795, 1, varda, c4:12:f5:85:27:c2, 1, -88, 
2017-12-01 10:50:35, NRD90M.G950FXXU1AQJ5, 32.17135803478369, 34.81168874408503, 31.090525572576986, 1, ronkla2_5, 3c:1e:04:07:2a:ff, 48, -85, 
2017-12-01 10:50:38, NRD90M.G950FXXU1AQJ5, 32.17117720998362, 34.811600945951724, 30.92205515278031, 1, mika1, c4:12:f5:fb:c0:3e, 1, -77, 
2017-12-01 10:50:44, NRD90M.G950FXXU1AQJ5, 32.17079804250259, 34.811406143585245, 30.471612422990795, 1, Partner, 42501_13111_7943940, 0, -105, 
2017-12-01 10:50:47, NRD90M.G950FXXU1AQJ5, 32.17061250500982, 34.81130191879183, 30.49189808903073, 1, Gana7_2GExt, 64:d9:54:e4:95:37, 5, -88, 
2017-12-01 10:50:50, NRD90M.G950FXXU1AQJ5, 32.1704220061369, 34.811205413681165, 30.648087593734658, 1, Guymic, 14:ae:db:b7:99:2d, 6, -78, 
2017-12-01 10:50:53, NRD90M.G950FXXU1AQJ5, 32.17023774400125, 34.811098338566204, 30.62847275857126, 1, stephane, 00:24:2b:cf:13:21, 1, -82, 
2017-12-01 10:50:56, NRD90M.G950FXXU1AQJ5, 32.170053389171805, 34.81099874038432, 30.62659341727973, 2, devolo-0f4, 30:d3:2d:37:20:f4, 6, -80, HOTBOX-4D4E, 00:78:9e:fb:1e:09, 1, -91, 
2017-12-01 10:50:59, NRD90M.G950FXXU1AQJ5, 32.16988410573102, 34.81092582224991, 30.446072012812692, 2, Neeman2.4, 20:0c:c8:1d:c8:2b, 1, -78, oved-main_2EX, 74:da:38:97:66:9d, 6, -78, 
2017-12-01 10:51:02, NRD90M.G950FXXU1AQJ5, 32.169728418133815, 34.810858045280845, 30.475360437267003, 2, oved-main, 74:da:39:54:b8:1d, 6, -83, Partner, 42501_13111_7943940, 0, -101, 
2017-12-01 10:51:08, NRD90M.G950FXXU1AQJ5, 32.169491346626565, 34.81077184677352, 30.418708757918328, 5, Lili, c4:12:f5:f9:5c:7c, 11, -86, Liliup, 74:da:38:c3:12:45, 2, -88, ELCHARAR_2.4, 20:0c:c8:0f:21:93, 1, -89, Alpha125, 10:fe:ed:74:fc:46, 1, -90, Bezeq Free T00C36, 5a:0c:c8:0f:21:90, 1, -92, 
2017-12-01 10:51:11, NRD90M.G950FXXU1AQJ5, 32.16939849690679, 34.81074036189685, 30.417555185780614, 1, dlink-A09C, ac:f1:df:76:a0:9c, 11, -91, 
2017-12-01 10:51:14, NRD90M.G950FXXU1AQJ5, 32.16935940800852, 34.81072496254775, 30.408083632363006, 10, edimax_5G_A9241C, 74:da:38:a9:24:1c, 40, -82, spielman, 7c:b7:33:2b:c4:52, 1, -81, forestisthebest, c8:d7:19:da:03:16, 6, -54, evanson, 7c:03:4c:fe:f6:68, 1, -93, KaymeraDev, 00:f6:63:15:58:81, 1, -84, KaymeraDev, 00:f6:63:15:58:81, 1, -78, spielman, 7c:b7:33:2b:c4:52, 1, -73, evanson, 7c:03:4c:fe:f6:68, 1, -80, BezeqNGN_001489_2.4GHz_1, c0:a0:bb:cb:59:5b, 1, -68, oved-main, 74:da:39:54:b8:1d, 6, -64, 
2017-12-01 10:55:47, NRD90M.G950FXXU1AQJ5, 32.169212309411726, 34.81068174685835, 28.886321206805917, 1, spielman, f4:f2:6d:34:56:54, 1, -77, 
2017-12-01 10:55:50, NRD90M.G950FXXU1AQJ5, 32.16917019230133, 34.8106650271149, 28.810367981340118, 4, Jamcanup, 74:da:38:c3:0d:6b, 2, -87, Jamcandown, 74:da:38:b6:f6:c9, 4, -89, edimax_2.4G_ruty, 74:da:38:d3:bb:81, 2, -80, HP-Print-C1-Deskjet 4640 series, 28:80:23:f6:e0:c1, 11, -86, 
2017-12-01 10:56:55, NRD90M.G950FXXU1AQJ5, 32.169012321650136, 34.810619520712386, 28.06850525498688, 1, HP-Print-C1-Deskjet 4640 series, 28:80:23:f6:e0:c1, 11, -81, 
2017-12-01 10:56:58, NRD90M.G950FXXU1AQJ5, 32.168881406149175, 34.81057058716543, 27.5643827071327, 1, iFOREX, f8:d1:11:b1:92:93, 6, -91, 
2017-12-01 10:57:02, NRD90M.G950FXXU1AQJ5, 32.16878253500298, 34.81061687133246, 27.49950646026102, 3, INGENEO, cc:b2:55:e8:4c:e6, 6, -91, DIRECT-a8-HP M477 LaserJet, aa:6b:ad:04:c6:a8, 1, -91, Candan, c0:ff:d4:7b:82:30, 1, -89, 
2017-12-01 10:57:05, NRD90M.G950FXXU1AQJ5, 32.168750227662805, 34.81078259065756, 27.14415548219039, 1, LRWN, ec:8c:a2:09:dd:48, 11, -91, 
2017-12-01 10:57:11, NRD90M.G950FXXU1AQJ5, 32.16875525343879, 34.81129910090613, 26.895184619901016, 1, HOTBOX111, c0:ac:54:f6:ae:5e, 11, -77, 
2017-12-01 10:57:14, NRD90M.G950FXXU1AQJ5, 32.16878953124043, 34.81154567298425, 26.885456221515238, 1, LRWN, ec:8c:a2:09:dd:48, 11, -86, 
2017-12-01 10:57:17, NRD90M.G950FXXU1AQJ5, 32.16883769901991, 34.81174537287164, 26.96056003278366, 3, LRWN, ec:8c:a2:09:dd:48, 11, -74, InnovationEndeavors, 74:da:38:a9:1c:df, 2, -88, HOTFiber-400D, b4:ee:b4:36:dd:b9, 6, -89, 
2017-12-01 10:57:19, NRD90M.G950FXXU1AQJ5, 32.16889805537721, 34.81183319930766, 27.057519941460445, 2, LRWN, 0c:f4:d5:29:a2:9c, 36, -68, Talfamily, e0:ce:c3:86:a7:9e, 1, -80, 
2017-12-01 10:57:23, NRD90M.G950FXXU1AQJ5, 32.16909112707448, 34.81193255078027, 27.16529272330712, 2, HOTBOX-8156, b4:ee:b4:a7:81:5c, 1, -89, Partner, 42501_13111_7943940, 0, -105, 
2017-12-01 10:57:26, NRD90M.G950FXXU1AQJ5, 32.16927107246911, 34.81201044802282, 27.21999505256496, 3, Fuck Off Yourself, 16:ae:db:c1:ae:55, 9, -79, Fuck Off ext, a4:2b:b0:e0:3a:01, 11, -80, Mheta_AP, 86:2a:a8:eb:a9:60, 6, -90, 
2017-12-01 10:57:29, NRD90M.G950FXXU1AQJ5, 32.16943682725201, 34.81208525807686, 27.286889233099085, 2, ELCHARAR_2.4, 20:0c:c8:0f:21:93, 1, -90, Bezeq Free T00C36, 5a:0c:c8:0f:21:90, 1, -90, 
2017-12-01 10:57:47, NRD90M.G950FXXU1AQJ5, 32.16957319918231, 34.8130339454378, 27.285150925540428, 1, Partner, 42501_13111_7943940, 0, -103, 
2017-12-01 10:57:50, NRD90M.G950FXXU1AQJ5, 32.16955478439471, 34.81323889640528, 27.210830449251343, 1, nina, 20:0c:c8:2b:2a:14, 11, -91, 
2017-12-01 10:57:53, NRD90M.G950FXXU1AQJ5, 32.1695720901851, 34.813408321637986, 27.26150168083893, 2, hilda, 00:30:4f:91:36:07, 6, -71, DIRECT-29-HP OfficeJet Pro 8710, ec:8e:b5:05:57:19, 6, -91, 
2017-12-01 10:57:56, NRD90M.G950FXXU1AQJ5, 32.1697212488476, 34.81347187978352, 27.703358675305417, 1, Candan, c0:ff:d4:7b:82:30, 1, -89, 
2017-12-01 10:58:02, NRD90M.G950FXXU1AQJ5, 32.17010132675571, 34.813514176763185, 29.07004588283799, 4, dlink, 00:24:01:18:99:57, 6, -67, orange, 00:21:04:e7:95:da, 1, -90, Bezeq Free, 62:19:8f:46:9f:bf, 6, -94, Partner, 42501_13111_7943940, 0, -95, 
2017-12-01 10:58:05, NRD90M.G950FXXU1AQJ5, 32.17025406565039, 34.813537076757704, 29.467349061309914, 1, orange, 00:21:04:e7:95:da, 1, -74, 
2017-12-01 10:58:08, NRD90M.G950FXXU1AQJ5, 32.17042884309843, 34.81356387819144, 29.626149949895638, 3, HOTBOX-F028, 18:1e:78:86:03:15, 1, -76, HOTBOX-F028, 00:78:9e:fa:6f:c3, 1, -80, Partner, 42501_13111_7943948, 0, -103, 
2017-12-01 10:58:11, NRD90M.G950FXXU1AQJ5, 32.17061830172761, 34.813595071211296, 29.523181901977164, 4, amnon, c0:ac:54:f8:6c:8a, 6, -85, Is, 16:0c:c3:ee:27:39, 6, -88, My_Internet, fc:75:16:2e:5a:47, 10, -90, Beni, c4:12:f5:f4:82:42, 9, -91, 
2017-12-01 10:58:14, NRD90M.G950FXXU1AQJ5, 32.17081392063111, 34.81363414318978, 29.098105928258406, 2, Beni, c4:12:f5:f4:82:42, 9, -82, HOTBOX, c0:ac:54:f7:42:60, 1, -90, 
2017-12-01 10:58:17, NRD90M.G950FXXU1AQJ5, 32.17098714928447, 34.81362985551846, 28.81880764900309, 1, HOTBOX111, c0:ac:54:f7:3c:c2, 1, -87, 
2017-12-01 10:58:20, NRD90M.G950FXXU1AQJ5, 32.17106789784238, 34.81350325265134, 28.866614638393763, 3, My_Internet, fc:75:16:2e:5a:47, 10, -77, MNP_HOME_2.4GHz_1, 04:a1:51:e0:5f:ee, 6, -85, test012, 00:12:2a:d2:0c:38, 1, -88, 
2017-12-01 10:58:23, NRD90M.G950FXXU1AQJ5, 32.17107862941617, 34.81330158971711, 28.915995433589472, 2, Yotam _ work _ room, d8:5d:4c:d1:4d:b0, 9, -68, tal, 90:8d:78:54:22:a2, 1, -87, 
2017-12-01 10:58:26, NRD90M.G950FXXU1AQJ5, 32.17110086640514, 34.813083395926654, 28.87277115238635, 7, sirocco_2.4o, c4:e9:84:83:1a:0a, 11, -79, tal, 90:8d:78:54:22:a2, 1, -79, nurit, a0:4f:d4:45:1f:a1, 1, -78, 044870715, 14:ae:db:b7:ab:ad, 6, -81, tal2, 90:8d:78:54:22:a1, 60, -84, sirocco_2.4o, 14:cc:20:09:3c:b9, 11, -86, DIRECT-75-HP DeskJet 4670 series, b0:5a:da:fa:44:76, 6, -87, 
2017-12-01 10:58:29, NRD90M.G950FXXU1AQJ5, 32.171111089076454, 34.81293937528084, 28.89854760950685, 1, Partner, 42501_13111_7943940, 0, -95, 
2017-12-01 10:58:32, NRD90M.G950FXXU1AQJ5, 32.17104344764023, 34.812838021973164, 29.194668220647973, 2, DIR-825-4f83, 80:26:89:0d:4f:84, 1, -86, Oded 5Ghz, 00:12:2a:e1:6c:4c, 48, -90, 
2017-12-01 10:58:38, NRD90M.G950FXXU1AQJ5, 32.17070417266147, 34.81268528377859, 29.694922823032826, 2, Oded 2.4Ghz, 00:12:2a:e1:6c:48, 11, -69, Oded 5Ghz, 00:12:2a:e1:6c:4c, 48, -84, 
2017-12-01 10:58:47, NRD90M.G950FXXU1AQJ5, 32.17028599663912, 34.812613739872425, 28.98665425276264, 1, SIEMENS_LivingRoom, d4:6e:0e:3c:44:e1, 1, -83, 
2017-12-01 10:58:50, NRD90M.G950FXXU1AQJ5, 32.17026748685567, 34.81278321992516, 29.0136877102822, 2, frank, e8:94:f6:e2:6e:4b, 6, -71, TP-LINK_E3CA, 84:16:f9:e4:e3:ca, 9, -80, 
2017-12-01 10:59:02, NRD90M.G950FXXU1AQJ5, 32.17024204862788, 34.813533118254576, 29.09677084835438, 2, ter123, 70:4d:7b:0c:89:50, 6, -88, Daizad, e8:cc:18:ac:1b:e1, 3, -90, 
2017-12-01 10:59:05, NRD90M.G950FXXU1AQJ5, 32.170307583918806, 34.81358034712056, 29.23477071711897, 1, Daizad, e8:cc:18:ac:1a:52, 7, -81, 
2017-12-01 10:59:08, NRD90M.G950FXXU1AQJ5, 32.17050412989869, 34.813608312741444, 29.49532062714165, 1, yotam17, b0:b2:8f:36:a2:b3, 10, -91, 
2017-12-01 10:59:14, NRD90M.G950FXXU1AQJ5, 32.17094894909989, 34.81367243117691, 29.871227188060253, 3, Beni, c4:12:f5:f4:82:42, 9, -71, HOTBOX, c0:ac:54:f7:42:60, 1, -84, Baruch_2.4, 10:5a:f7:08:27:71, 6, -90, 
2017-12-01 10:59:20, NRD90M.G950FXXU1AQJ5, 32.1711226542225, 34.81334830357392, 30.374327846195634, 2, yotam17, f8:ab:05:e9:6d:3d, 10, -78, Yotam_Shir, 00:26:5a:24:f4:f0, 8, -87, 
2017-12-01 10:59:32, NRD90M.G950FXXU1AQJ5, 32.17092410916535, 34.81275918581424, 29.998889595076953, 2, claire, cc:b2:55:67:2b:85, 6, -90, Bezeq Free 672B84, 62:b2:55:67:2b:86, 6, -92, 
2017-12-01 10:59:41, NRD90M.G950FXXU1AQJ5, 32.170302961492325, 34.81249258786661, 30.932706346899515, 1, ter123, 70:4d:7b:0c:89:50, 6, -83, 
2017-12-01 10:59:44, NRD90M.G950FXXU1AQJ5, 32.17009177038523, 34.8123924291015, 30.961174799733378, 3, BezeqFree, 5a:ab:1b:62:0d:fd, 2, -85, geller, 00:78:9e:fa:3b:62, 11, -90, Partner, 42501_13111_7943940, 0, -103, 
2017-12-01 10:59:50, NRD90M.G950FXXU1AQJ5, 32.16964553962474, 34.812198841457004, 30.62408958535301, 2, DIRECT-1C-HP DeskJet 3830 series, 94:57:a5:4b:4f:41, 6, -85, nina, 20:0c:c8:2b:2a:14, 11, -76, 
2017-12-01 10:59:53, NRD90M.G950FXXU1AQJ5, 32.169423702689954, 34.81210224701049, 30.46032095326754, 2, UFI_UF230_B3F, 00:0b:6c:4d:1b:3f, 6, -88, hot, 00:1c:10:09:4f:bc, 3, -90, 
2017-12-01 10:59:56, NRD90M.G950FXXU1AQJ5, 32.16921657591955, 34.8119993015223, 30.246080183177583, 2, klaiman, a0:ab:1b:62:0d:fc, 2, -90, WR, 00:30:4f:82:7b:30, 11, -89, 
2017-12-01 10:59:59, NRD90M.G950FXXU1AQJ5, 32.169027594463216, 34.81191817927795, 29.88889813438273, 2, HOTBOX-651B, 54:64:d9:5f:59:83, 1, -77, Partner, 42501_13111_7943940, 0, -103, 
2017-12-01 11:00:26, NRD90M.G950FXXU1AQJ5, 32.16956688989755, 34.812206661227876, 29.984707511555015, 1, nina, 20:0c:c8:2b:2a:14, 11, -71, 
2017-12-01 11:00:29, NRD90M.G950FXXU1AQJ5, 32.169817000218366, 34.81230905410695, 29.98143136780164, 1, landau, 74:da:38:14:4b:88, 11, -86, 
2017-12-01 11:00:32, NRD90M.G950FXXU1AQJ5, 32.17005164614875, 34.812397786519114, 29.977980536112952, 4, LRWN, 0c:f4:d5:29:a2:9c, 36, -89, HOTBOX-651B, 54:64:d9:5f:59:83, 1, -92, klaiman, a0:ab:1b:62:0d:fc, 2, -83, Partner, 42501_13111_7943940, 0, -103, 
2017-12-01 11:00:34, NRD90M.G950FXXU1AQJ5, 32.17019624834832, 34.81245570309557, 29.861150924216155, 1, frank, e8:94:f6:e2:6e:4b, 6, -65, 
2017-12-01 11:00:38, NRD90M.G950FXXU1AQJ5, 32.1704760444708, 34.812577158369976, 29.67313485345308, 3, UFI_UF230_B3F, 00:0b:6c:4d:1b:3f, 6, -81, ter123, 70:4d:7b:0c:89:50, 6, -75, hot, 00:1c:10:09:4f:bc, 3, -84, 
2017-12-01 11:00:41, NRD90M.G950FXXU1AQJ5, 32.170654027529686, 34.81268553093009, 29.21502010815968, 2, TUCHLER, 00:26:5a:69:94:e3, 6, -90, UFI_UF230_B3F, 00:0b:6c:4d:1b:3f, 6, -70, 
2017-12-01 11:00:44, NRD90M.G950FXXU1AQJ5, 32.17081209129427, 34.812767664505046, 28.924403723449103, 1, Laufer-wifi, 4c:60:de:51:8b:ca, 11, -89, 
2017-12-01 11:00:47, NRD90M.G950FXXU1AQJ5, 32.17095455549593, 34.81282029540289, 29.011697047706974, 1, HP-Print-AF-Officejet Pro 6830, 28:80:23:40:5f:af, 6, -70, 
2017-12-01 11:00:50, NRD90M.G950FXXU1AQJ5, 32.17113625414073, 34.81287279562144, 29.319880222836296, 1, Partner, 42501_13111_7943940, 0, -101, 
2017-12-01 11:00:59, NRD90M.G950FXXU1AQJ5, 32.17178366806458, 34.812966284830594, 29.955616590355632, 2, Oded 5Ghz, 00:12:2a:e1:6c:4c, 48, -89, Oded 2.4Ghz, 00:12:2a:e1:6c:48, 11, -89, 
2017-12-01 11:01:05, NRD90M.G950FXXU1AQJ5, 32.17221891605429, 34.813008839731566, 30.49784498151697, 2, DIR-825-4f83, 80:26:89:0d:4f:84, 1, -78, Partner, 42501_13111_7943940, 0, -97, 
2017-12-01 11:01:11, NRD90M.G950FXXU1AQJ5, 32.17246213445027, 34.81314408162315, 30.730460765215987, 1, DIR-825-4f83, 80:26:89:0d:4f:84, 1, -70, 
2017-12-01 11:01:20, NRD90M.G950FXXU1AQJ5, 32.172359339129684, 34.81383247774181, 31.35812286745131, 2, Bezeq Free GA32E3, 52:b0:ce:ac:32:98, 1, -67, Lahav, 08:3e:5d:5c:72:5e, 11, -83, 
2017-12-01 11:01:23, NRD90M.G950FXXU1AQJ5, 32.17232233794856, 34.81407112131554, 31.649352996856294, 1, Partner, 42501_13111_7943940, 0, -107, 
2017-12-01 11:01:26, NRD90M.G950FXXU1AQJ5, 32.17229583572982, 34.814265874458584, 32.03668527946496, 1, love, 14:ae:db:58:73:75, 1, -58, 
2017-12-01 11:04:06, NRD90M.G950FXXU1AQJ5, 32.17221784967324, 34.814398286352024, 49.173541035059245, 1, BezeqFree, 06:ae:db:58:73:75, 1, -74, 
2017-12-01 11:04:18, NRD90M.G950FXXU1AQJ5, 32.17227246645649, 34.81408016821385, 47.69363736183398, 1, BezeqFree, 06:ae:db:58:73:75, 1, -57, 
2017-12-01 11:04:21, NRD90M.G950FXXU1AQJ5, 32.17230692344676, 34.81390382396507, 46.72223219542287, 1, Lahav, fc:b4:e6:d2:86:9e, 11, -81, 
2017-12-01 11:04:36, NRD90M.G950FXXU1AQJ5, 32.17245916893142, 34.812942435550355, 44.07673578417506, 1, Partner, 42501_13111_7943940, 0, -101, 
2017-12-01 11:04:45, NRD90M.G950FXXU1AQJ5, 32.17257421641877, 34.81234245317759, 43.21979901905486, 2, HOTBOX1234, 00:78:9e:f9:f5:5b, 1, -81, DIRECT-56-HP OfficeJet 6950, 30:e1:71:be:67:57, 11, -90, 
2017-12-01 11:04:48, NRD90M.G950FXXU1AQJ5, 32.172567936910234, 34.81218573168659, 43.070084903708576, 2, varda, c4:12:f5:85:27:c2, 1, -87, Gil Kitchen, 80:1f:02:a3:7d:62, 6, -83, 
2017-12-01 11:04:51, NRD90M.G950FXXU1AQJ5, 32.17244369050431, 34.81206365704524, 42.92341219500959, 2, DIR-825-4f83, 80:26:89:0d:4f:84, 1, -89, kenley-up, 88:dc:96:3b:f5:e0, 6, -87, 
2017-12-01 11:04:54, NRD90M.G950FXXU1AQJ5, 32.17225037592235, 34.81198974378003, 42.69739354875747, 1, varda, c4:12:f5:85:27:c2, 1, -80, 
2017-12-01 11:04:57, NRD90M.G950FXXU1AQJ5, 32.17200927262402, 34.811912418225184, 42.1767309856031, 1, Partner, 42501_13111_7943940, 0, -97, 
2017-12-01 11:05:00, NRD90M.G950FXXU1AQJ5, 32.171773657455525, 34.81183741979604, 41.75368557840066, 1, Liza, 8c:59:c3:ea:db:4b, 36, -91, 
2017-12-01 11:05:03, NRD90M.G950FXXU1AQJ5, 32.171557399952235, 34.81175227461636, 41.42241716240946, 1, SEW132_23574336, 08:97:58:31:e0:c6, 3, -85, 
2017-12-01 11:05:06, NRD90M.G950FXXU1AQJ5, 32.17134387611023, 34.8116686534985, 41.11423605499236, 3, SEW132_23574336, 08:97:58:31:e0:c6, 3, -79, HOTBOX-1966, 6c:2e:85:fe:da:b8, 6, -75, ronkla2, 3c:1e:04:07:2a:fe, 6, -80, 
2017-12-01 11:05:12, NRD90M.G950FXXU1AQJ5, 32.17089347345208, 34.81144135576831, 40.88354744007884, 1, Partner, 42501_13111_7943940, 0, -105, 
2017-12-01 11:05:18, NRD90M.G950FXXU1AQJ5, 32.17043064941609, 34.81119993629276, 40.926265973661245, 2, shlomi, d8:5d:4c:d9:c4:68, 1, -65, gononsmarthome, 18:cc:23:00:18:45, 3, -89, 
2017-12-01 11:05:21, NRD90M.G950FXXU1AQJ5, 32.17019380074371, 34.81108803927924, 41.084818088945596, 1, stephane, 00:24:2b:cf:13:21, 1, -64, 
2017-12-01 11:05:24, NRD90M.G950FXXU1AQJ5, 32.1699449632106, 34.81096823595285, 41.15224303065266, 2, Rozenkrants, 86:2a:a8:a1:a0:b5, 1, -89, RS_GUEST, ec:08:6b:38:0d:dd, 12, -90, 
2017-12-01 11:05:27, NRD90M.G950FXXU1AQJ5, 32.16969384158719, 34.810860989133886, 40.951736594141536, 3, oved-main_2EX, 74:da:38:54:b8:1c, 6, -80, bait, 10:be:f5:3f:b2:ce, 10, -92, Partner, 42501_13111_7943940, 0, -103, 
2017-12-01 11:05:30, NRD90M.G950FXXU1AQJ5, 32.169457779876055, 34.81076504710256, 40.54230601717542, 2, Lili, c4:12:f5:f9:5c:7c, 11, -79, HOTBOX-2E6E, b0:b2:8f:1e:ea:68, 11, -81, 
2017-12-01 11:05:39, NRD90M.G950FXXU1AQJ5, 32.16885854901348, 34.810540283347045, 39.92476460820798, 1, RS_GUEST, e4:6f:13:71:f5:ce, 9, -91, 
2017-12-01 11:05:45, NRD90M.G950FXXU1AQJ5, 32.168714629959446, 34.81081986992245, 39.792046107646115, 1, A-Home, 00:25:86:b1:6f:f8, 6, -85, 
2017-12-01 11:05:48, NRD90M.G950FXXU1AQJ5, 32.168714580027334, 34.81107879163651, 40.1458062027948, 1, LRWN, 0c:f4:d5:29:a2:9c, 36, -89, 
2017-12-01 11:05:57, NRD90M.G950FXXU1AQJ5, 32.16881183895412, 34.81174970350504, 40.650001121744175, 3, LRWN, 0c:f4:d5:29:a2:9c, 36, -83, HOTFiber-400D, 40:65:a3:2b:62:22, 6, -83, HP-Setup>77-M277 LaserJet, 92:cd:b6:2b:e9:77, 1, -87, 
2017-12-01 11:06:00, NRD90M.G950FXXU1AQJ5, 32.168934759058615, 34.811856011826194, 40.330499133060776, 1, LRWN, 0c:f4:d5:29:a2:9c, 36, -73, 
2017-12-01 11:06:03, NRD90M.G950FXXU1AQJ5, 32.16911864430328, 34.81194246041853, 40.04068796294172, 1, Partner, 42501_13111_7943940, 0, -105, 
2017-12-01 11:06:06, NRD90M.G950FXXU1AQJ5, 32.16931815149732, 34.81204692954307, 40.1577920904256, 1, Home, 82:2a:a8:bf:94:29, 11, -74, 
2017-12-01 11:06:12, NRD90M.G950FXXU1AQJ5, 32.16970424697143, 34.8122124147935, 40.24753875469891, 1, InnovationEndeavors-guest, 14:ae:db:48:af:4d, 9, -91, 
2017-12-01 11:06:15, NRD90M.G950FXXU1AQJ5, 32.16988799418102, 34.81228859490431, 40.1543864581257, 2, InnovationEndeavors, 74:da:38:a9:1c:df, 2, -88, snapper1, 00:78:9e:fa:0e:db, 1, -91, 
2017-12-01 11:06:18, NRD90M.G950FXXU1AQJ5, 32.17005822708653, 34.81236874860562, 40.072466932473205, 1, ter123, 70:4d:7b:0c:89:50, 6, -69, 
2017-12-01 11:06:21, NRD90M.G950FXXU1AQJ5, 32.17023976068459, 34.81245381774478, 40.252483946429585, 1, Partner, 42501_13111_7943940, 0, -101, 
2017-12-01 11:06:30, NRD90M.G950FXXU1AQJ5, 32.17081505526214, 34.812720955098236, 39.90215021290214, 1, TP-LINK_76C08E, 14:cc:20:76:c0:8e, 1, -84, 
2017-12-01 11:06:36, NRD90M.G950FXXU1AQJ5, 32.17122085604919, 34.81289551990273, 39.73559705218988, 1, DIR-825-4f83, 80:26:89:0d:4f:84, 1, -87, 
2017-12-01 11:06:39, NRD90M.G950FXXU1AQJ5, 32.17141527908933, 34.81293538504433, 39.5384020585672, 1, Partner, 42501_13111_7943940, 0, -99, 
2017-12-01 11:06:45, NRD90M.G950FXXU1AQJ5, 32.1718456468208, 34.81297115265297, 39.68353274635085, 1, HOTBOX-2017, c0:ac:54:f5:7d:bd, 11, -89, 
2017-12-01 11:06:48, NRD90M.G950FXXU1AQJ5, 32.17203899486285, 34.81300152330893, 39.469898889224396, 1, DIR-825-4f83, 80:26:89:0d:4f:84, 1, -81, 
2017-12-01 11:06:54, NRD90M.G950FXXU1AQJ5, 32.17236326227764, 34.81307622429901, 39.21219723886117, 1, DIR-825-4f83, 80:26:89:0d:4f:84, 1, -74, 
2017-12-01 11:06:57, NRD90M.G950FXXU1AQJ5, 32.17242135783609, 34.81315655343821, 39.19830082191928, 1, Partner, 42501_13111_7943940, 0, -99, 
2017-12-01 11:07:00, NRD90M.G950FXXU1AQJ5, 32.1724057467908, 34.81330741796876, 38.953487046589466, 1, DIR-825-4f83, 80:26:89:0d:4f:84, 1, -66, 
2017-12-01 11:07:03, NRD90M.G950FXXU1AQJ5, 32.1723824503716, 34.81347918498145, 38.90856296704865, 1, Bezeq Free GA32E3, 52:b0:ce:ac:32:98, 1, -62, 
2017-12-01 11:07:12, NRD90M.G950FXXU1AQJ5, 32.17228718061519, 34.8140756807789, 39.76563390143588, 1, Orit, c4:a8:1d:12:7d:4c, 6, -57, 
2017-12-01 11:07:15, NRD90M.G950FXXU1AQJ5, 32.172271257093655, 34.81426653314164, 40.08611915296322, 1, Partner, 42501_13111_7943940, 0, -105, 
2017-12-01 11:07:18, NRD90M.G950FXXU1AQJ5, 32.17225793952015, 34.81441454466233, 40.08129430873258, 2, Km, 48:ee:0c:3d:eb:b8, 9, -85, HUAWEI-009D, 14:9d:09:80:00:9d, 4, -86, 
