WigleWifi-1.4,appRelease=2.26,model=GT-I9301I,release=4.4.2,device=s3ve3g,display=KOT49H.I9301IXXSAQA1,board=MSM8226,brand=samsung
MAC,SSID,AuthMode,FirstSeen,Channel,RSSI,CurrentLatitude,CurrentLongitude,AltitudeMeters,AccuracyMeters,Type
44:6e:e5:67:98:13,Partner-4G-s,[WPA2-PSK-CCMP][ESS],2017-11-09 02:49:14,9,-87,32.10795123,35.01778043,152,36,WIFI
42507_10222_1504557,HOT mobile,HSDPA;il,2017-11-09 02:49:14,0,-81,32.10795123,35.01778043,152,36,GSM
44:6e:e5:67:98:13,Partner-4G-s,[WPA2-PSK-CCMP][ESS],2017-11-09 02:49:19,9,-87,32.10822453,35.01650055,173,54,WIFI
42507_10222_1504557,HOT mobile,HSDPA;il,2017-11-09 02:49:19,0,-79,32.10822453,35.01650055,173,54,GSM
42507_10222_1504557,HOT mobile,HSDPA;il,2017-11-09 02:49:21,0,-73,32.10830685,35.01606103,323,89,GSM
42507_10222_1504557,HOT mobile,HSDPA;il,2017-11-09 02:49:37,0,-69,32.10820362,35.01195489,335,83,GSM
42507_10222_1504557,HOT mobile,HSDPA;il,2017-11-09 02:49:41,0,-69,32.10823848,35.01091654,323,52,GSM
42507_10222_1504557,HOT mobile,HSDPA;il,2017-11-09 02:49:45,0,-67,32.10811326,35.00990353,287,23,GSM
42507_10222_1504557,HOT mobile,HSDPA;il,2017-11-09 02:49:51,0,-65,32.10779132,35.00859921,307,48,GSM
98:e7:f4:7b:36:2e,DIRECT-7C-HP DeskJet 3830 series,[WPA2-PSK-CCMP][ESS],2017-11-09 02:50:03,6,-87,32.10773028,35.00767721,300,68,WIFI
42507_10222_1504557,HOT mobile,HSDPA;il,2017-11-09 02:50:26,0,-69,32.1079205,35.00759317,248,45,GSM
98:e7:f4:7b:36:2e,DIRECT-7C-HP DeskJet 3830 series,[WPA2-PSK-CCMP][ESS],2017-11-09 02:50:29,6,-82,32.10796737,35.00757227,247,73,WIFI
42507_10222_1504557,HOT mobile,HSDPA;il,2017-11-09 02:50:49,0,-73,32.10759739,35.00651516,220,30,GSM
42507_10222_1504557,HOT mobile,HSDPA;il,2017-11-09 02:50:57,0,-81,32.10749798,35.00525944,192,28,GSM
42507_10222_1504557,HOT mobile,HSDPA;il,2017-11-09 02:51:03,0,-81,32.10741948,35.00411181,183,22,GSM
42507_10222_1504557,HOT mobile,HSDPA;il,2017-11-09 02:51:09,0,-85,32.10739244,35.00267187,181,27,GSM
42507_10222_1504557,HOT mobile,HSDPA;il,2017-11-09 02:51:15,0,-87,32.10722359,35.00124614,180,22,GSM
42507_10222_1504558,HOT mobile,HSDPA;il,2017-11-09 02:51:19,0,-87,32.10712516,35.00026914,178,24,GSM
42507_10222_1504558,HOT mobile,HSDPA;il,2017-11-09 02:51:24,0,-83,32.10694267,34.99909651,179,27,GSM
42507_10222_1504558,HOT mobile,HSDPA;il,2017-11-09 02:51:30,0,-77,32.10669783,34.99760442,179,35,GSM
42507_10222_1504558,HOT mobile,HSDPA;il,2017-11-09 02:51:36,0,-77,32.10645137,34.99637981,157,25,GSM
42507_10222_1504558,HOT mobile,HSDPA;il,2017-11-09 02:51:40,0,-77,32.10620122,34.99535907,159,32,GSM
42507_10222_1504558,HOT mobile,HSDPA;il,2017-11-09 02:51:46,0,-75,32.10579356,34.99411699,165,29,GSM
42507_10222_1504558,HOT mobile,HSDPA;il,2017-11-09 02:51:50,0,-69,32.10536169,34.99317948,160,31,GSM
42507_10222_1504558,HOT mobile,HSDPA;il,2017-11-09 02:51:56,0,-67,32.10453704,34.99188257,163,20,GSM
42507_10222_1504558,HOT mobile,HSDPA;il,2017-11-09 02:52:02,0,-71,32.10384683,34.9907731,150,15,GSM
42507_10222_1504558,HOT mobile,HSDPA;il,2017-11-09 02:52:08,0,-77,32.10315476,34.98961756,130,13,GSM
42507_10222_1504558,HOT mobile,HSDPA;il,2017-11-09 02:52:14,0,-77,32.10245236,34.98837338,124,14,GSM
42507_10222_1504558,HOT mobile,HSDPA;il,2017-11-09 02:52:20,0,-79,32.10189842,34.98693684,124,27,GSM
42507_10222_1506357,HOT mobile,HSDPA;il,2017-11-09 02:52:26,0,-79,32.10170766,34.98569706,125,26,GSM
42507_10222_1506357,HOT mobile,HSDPA;il,2017-11-09 02:52:32,0,-79,32.10151574,34.98438556,124,56,GSM
42507_10222_1506357,HOT mobile,HSDPA;il,2017-11-09 02:52:36,0,-75,32.10163316,34.9831575,124,24,GSM
42507_10222_1506357,HOT mobile,HSDPA;il,2017-11-09 02:52:42,0,-73,32.10180903,34.9816379,123,16,GSM
42507_10222_1506352,HOT mobile,HSDPA;il,2017-11-09 02:52:44,0,-73,32.10190187,34.98107065,123,13,GSM
a0:f3:c1:c0:c9:c8,Jenny2010,[WPA2-PSK-CCMP][WPS][ESS],2017-11-09 02:52:48,2,-88,32.10194172,34.98003495,122,13,WIFI
42507_10222_1506352,HOT mobile,HSDPA;il,2017-11-09 02:52:48,0,-73,32.10194172,34.98003495,122,13,GSM
a0:f3:c1:c0:c9:c8,Jenny2010,[WPA2-PSK-CCMP][WPS][ESS],2017-11-09 02:52:52,2,-88,32.10200994,34.97901794,113,12,WIFI
42507_10222_1506352,HOT mobile,HSDPA;il,2017-11-09 02:52:52,0,-73,32.10200994,34.97901794,113,12,GSM
a0:f3:c1:c0:c9:c8,Jenny2010,[WPA2-PSK-CCMP][WPS][ESS],2017-11-09 02:52:56,2,-88,32.10202537,34.97799118,105,11,WIFI
42507_10222_1506352,HOT mobile,HSDPA;il,2017-11-09 02:52:56,0,-75,32.10202537,34.97799118,105,11,GSM
42507_10222_1506352,HOT mobile,HSDPA;il,2017-11-09 02:53:00,0,-77,32.10203178,34.97692665,100,11,GSM
42507_10222_1506355,HOT mobile,HSDPA;il,2017-11-09 02:53:02,0,-79,32.10201574,34.97644965,102,11,GSM
42507_10222_1506355,HOT mobile,HSDPA;il,2017-11-09 02:53:08,0,-83,32.10208208,34.9750062,104,12,GSM
08:97:58:33:83:bc,wifi in car-0659,[WPA-PSK-CCMP][WPS][ESS],2017-11-09 02:53:12,4,-82,32.10206899,34.97405591,105,14,WIFI
42507_10222_1506355,HOT mobile,HSDPA;il,2017-11-09 02:53:14,0,-87,32.10213123,34.97361073,104,16,GSM
00:a0:f8:c4:0a:b4,colmobildmx,[WPA-PSK-TKIP][ESS],2017-11-09 02:53:16,6,-89,32.1021797,34.97317407,105,18,WIFI
08:97:58:33:83:bc,wifi in car-0659,[WPA-PSK-CCMP][WPS][ESS],2017-11-09 02:53:18,4,-82,32.10217974,34.97268499,104,15,WIFI
00:a0:f8:c4:0a:b4,colmobildmx,[WPA-PSK-TKIP][ESS],2017-11-09 02:53:20,6,-89,32.10230436,34.97216208,104,16,WIFI
42507_10222_1475513,HOT mobile,HSDPA;il,2017-11-09 02:53:20,0,-91,32.10230436,34.97216208,104,16,GSM
00:a0:f8:dd:f8:e6,135,[WPA-?][ESS],2017-11-09 02:53:22,6,-85,32.10245385,34.97173619,105,16,WIFI
42507_10222_1476913,HOT mobile,HSDPA;il,2017-11-09 02:53:22,0,-93,32.10245385,34.97173619,105,16,GSM
00:a0:f8:c4:0a:b4,colmobildmx,[WPA-PSK-TKIP][ESS],2017-11-09 02:53:26,6,-88,32.10270104,34.97091365,106,15,WIFI
00:a0:f8:dd:f8:e6,135,[WPA-?][ESS],2017-11-09 02:53:28,6,-82,32.10278641,34.97049403,107,14,WIFI
42507_10222_1475514,HOT mobile,HSDPA;il,2017-11-09 02:53:28,0,-101,32.10278641,34.97049403,107,14,GSM
42507_10222_1475514,HOT mobile,HSDPA;il,2017-11-09 02:53:32,0,-93,32.10306957,34.9695634,107,14,GSM
00:a0:f8:dd:f8:e6,135,[WPA-?][ESS],2017-11-09 02:53:34,6,-82,32.10326545,34.9691432,105,15,WIFI
42507_10222_1475514,HOT mobile,HSDPA;il,2017-11-09 02:53:36,0,-87,32.10345127,34.9687435,106,17,GSM
42507_10222_1475514,HOT mobile,HSDPA;il,2017-11-09 02:53:40,0,-81,32.10378066,34.96797651,106,24,GSM
42507_10222_1475514,HOT mobile,HSDPA;il,2017-11-09 02:53:46,0,-79,32.10447735,34.96672316,105,19,GSM
42507_10222_1441911,HOT mobile,HSDPA;il,2017-11-09 02:53:48,0,-79,32.10469869,34.96632893,107,19,GSM
42507_10222_1441911,HOT mobile,HSDPA;il,2017-11-09 02:53:54,0,-71,32.10544619,34.96519174,109,21,GSM
42507_10222_1441911,HOT mobile,HSDPA;il,2017-11-09 02:53:58,0,-63,32.10585157,34.9644424,108,18,GSM
00:12:5f:0b:d3:dc,WiPG-1000,[ESS],2017-11-09 02:54:00,12,-87,32.10605394,34.96400222,109,18,WIFI
78:d3:8d:e4:ff:1c,repeater from office,[WPA2-PSK-CCMP][ESS],2017-11-09 02:54:02,1,-86,32.1062451,34.96364319,109,15,WIFI
64:e9:50:9c:e1:f7,ultra_lab,[WPA-EAP-CCMP][WPA2-EAP-CCMP][ESS],2017-11-09 02:54:02,9,-89,32.1062451,34.96364319,109,15,WIFI
64:e9:50:9c:e1:f0,Partner,[WPA-EAP-TKIP][WPA2-EAP-CCMP][ESS],2017-11-09 02:54:02,9,-89,32.1062451,34.96364319,109,15,WIFI
64:e9:50:9c:e1:f1,Partner_Guest,[ESS],2017-11-09 02:54:02,9,-88,32.1062451,34.96364319,109,15,WIFI
64:e9:50:9c:e1:f2,Partner_Wi,[ESS],2017-11-09 02:54:02,9,-89,32.1062451,34.96364319,109,15,WIFI
42507_10222_1441911,HOT mobile,HSDPA;il,2017-11-09 02:54:04,0,-63,32.10648379,34.96330856,109,15,GSM
00:12:5f:0b:d3:dc,WiPG-1000,[ESS],2017-11-09 02:54:06,12,-86,32.10669252,34.96295826,108,14,WIFI
78:d3:8d:e4:ff:04,acseess for camera,[WPA2-PSK-CCMP][ESS],2017-11-09 02:54:06,1,-86,32.10669252,34.96295826,108,14,WIFI
00:12:5f:11:1f:96,WiPG-1000,[ESS],2017-11-09 02:54:06,13,-87,32.10669252,34.96295826,108,14,WIFI
78:d3:8d:e4:ff:1c,repeater from office,[WPA2-PSK-CCMP][ESS],2017-11-09 02:54:08,1,-82,32.10693096,34.96261024,109,13,WIFI
64:e9:50:9c:e1:f7,ultra_lab,[WPA-EAP-CCMP][WPA2-EAP-CCMP][ESS],2017-11-09 02:54:08,9,-89,32.10693096,34.96261024,109,13,WIFI
64:e9:50:9c:e1:f0,Partner,[WPA-EAP-TKIP][WPA2-EAP-CCMP][ESS],2017-11-09 02:54:08,9,-89,32.10693096,34.96261024,109,13,WIFI
64:e9:50:9c:e1:f1,Partner_Guest,[ESS],2017-11-09 02:54:08,9,-88,32.10693096,34.96261024,109,13,WIFI
64:e9:50:9c:e1:f2,Partner_Wi,[ESS],2017-11-09 02:54:08,9,-89,32.10693096,34.96261024,109,13,WIFI
42507_10222_1441905,HOT mobile,HSDPA;il,2017-11-09 02:54:08,0,-67,32.10693096,34.96261024,109,13,GSM
78:d3:8d:e4:ff:28,office,[WPA2-PSK-CCMP][ESS],2017-11-09 02:54:10,6,-82,32.10718821,34.96230546,108,13,WIFI
00:12:5f:0b:d3:dc,WiPG-1000,[ESS],2017-11-09 02:54:14,12,-86,32.1076758,34.96162529,105,13,WIFI
78:d3:8d:e4:ff:04,acseess for camera,[WPA2-PSK-CCMP][ESS],2017-11-09 02:54:14,1,-81,32.1076758,34.96162529,105,13,WIFI
00:12:5f:11:1f:96,WiPG-1000,[ESS],2017-11-09 02:54:14,13,-87,32.1076758,34.96162529,105,13,WIFI
78:d3:8d:e4:ff:1c,repeater from office,[WPA2-PSK-CCMP][ESS],2017-11-09 02:54:16,1,-81,32.10790433,34.9612594,104,14,WIFI
78:d3:8d:e4:ff:28,office,[WPA2-PSK-CCMP][ESS],2017-11-09 02:54:16,6,-86,32.10790433,34.9612594,104,14,WIFI
42507_10222_1441905,HOT mobile,HSDPA;il,2017-11-09 02:54:16,0,-69,32.10790433,34.9612594,104,14,GSM
78:d3:8d:e4:ff:04,acseess for camera,[WPA2-PSK-CCMP][ESS],2017-11-09 02:54:20,1,-87,32.10838501,34.9605242,103,13,WIFI
78:d3:8d:e4:ff:1c,repeater from office,[WPA2-PSK-CCMP][ESS],2017-11-09 02:54:22,1,-84,32.10857484,34.96021555,103,12,WIFI
78:d3:8d:e4:ff:28,office,[WPA2-PSK-CCMP][ESS],2017-11-09 02:54:22,6,-89,32.10857484,34.96021555,103,12,WIFI
42507_10222_1441905,HOT mobile,HSDPA;il,2017-11-09 02:54:22,0,-67,32.10857484,34.96021555,103,12,GSM
78:d3:8d:e4:ff:04,acseess for camera,[WPA2-PSK-CCMP][ESS],2017-11-09 02:54:28,1,-82,32.10922372,34.95921886,97,12,WIFI
10:62:eb:ab:74:b8,Dlink,[WPA-PSK-CCMP+TKIP][WPA2-PSK-CCMP+TKIP][ESS],2017-11-09 02:54:28,36,-80,32.10922372,34.95921886,97,12,WIFI
78:d3:8d:e4:ff:1c,repeater from office,[WPA2-PSK-CCMP][ESS],2017-11-09 02:54:30,1,-86,32.10947964,34.95884316,97,13,WIFI
78:d3:8d:e4:ff:28,office,[WPA2-PSK-CCMP][ESS],2017-11-09 02:54:30,6,-88,32.10947964,34.95884316,97,13,WIFI
42507_10222_1441905,HOT mobile,HSDPA;il,2017-11-09 02:54:30,0,-65,32.10947964,34.95884316,97,13,GSM
78:d3:8d:e4:ff:04,acseess for camera,[WPA2-PSK-CCMP][ESS],2017-11-09 02:54:34,1,-86,32.11001736,34.95802032,92,13,WIFI
10:62:eb:ab:74:b8,Dlink,[WPA-PSK-CCMP+TKIP][WPA2-PSK-CCMP+TKIP][ESS],2017-11-09 02:54:34,36,-80,32.11001736,34.95802032,92,13,WIFI
78:d3:8d:e4:ff:1c,repeater from office,[WPA2-PSK-CCMP][ESS],2017-11-09 02:54:36,1,-86,32.11025262,34.95763524,93,14,WIFI
42507_10222_1441905,HOT mobile,HSDPA;il,2017-11-09 02:54:36,0,-65,32.11025262,34.95763524,93,14,GSM
00:42:68:74:70:20,Kornit,[WPA2-PSK-CCMP][ESS],2017-11-09 02:54:38,1,-89,32.11052915,34.95725179,91,13,WIFI
78:d3:8d:e4:ff:28,office,[WPA2-PSK-CCMP][ESS],2017-11-09 02:54:42,6,-86,32.11100445,34.95647554,92,13,WIFI
5c:0e:8b:4a:3c:30,Shaul,[WPA-PSK-TKIP][WPA2-PSK-TKIP][ESS],2017-11-09 02:54:42,11,-89,32.11100445,34.95647554,92,13,WIFI
42507_10222_1441905,HOT mobile,HSDPA;il,2017-11-09 02:54:42,0,-65,32.11100445,34.95647554,92,13,GSM
00:42:68:74:70:20,Kornit,[WPA2-PSK-CCMP][ESS],2017-11-09 02:54:44,1,-89,32.11126615,34.95606737,91,13,WIFI
00:42:68:74:70:2e,Kornit Guest,[WPA2-PSK-CCMP][ESS],2017-11-09 02:54:44,48,-79,32.11126615,34.95606737,91,13,WIFI
00:42:68:74:70:21,Kornit Guest,[WPA2-PSK-CCMP][ESS],2017-11-09 02:54:44,1,-86,32.11126615,34.95606737,91,13,WIFI
42507_10222_1479273,HOT mobile,HSDPA;il,2017-11-09 02:54:44,0,-67,32.11126615,34.95606737,91,13,GSM
a4:18:75:c3:2e:73,Orian-Masof,[WPA-PSK-TKIP][WPA2-PSK-CCMP+TKIP][ESS],2017-11-09 02:54:46,13,-90,32.11149815,34.95565275,94,14,WIFI
78:d3:8d:e4:ff:28,office,[WPA2-PSK-CCMP][ESS],2017-11-09 02:54:48,6,-86,32.1116771,34.95519107,86,16,WIFI
5c:0e:8b:4a:3c:30,Shaul,[WPA-PSK-TKIP][WPA2-PSK-TKIP][ESS],2017-11-09 02:54:48,11,-88,32.1116771,34.95519107,86,16,WIFI
1c:bd:b9:3d:d6:94,Bezeq_3dd691,[WEP][ESS],2017-11-09 02:54:48,6,-87,32.1116771,34.95519107,86,16,WIFI
00:42:68:74:70:20,Kornit,[WPA2-PSK-CCMP][ESS],2017-11-09 02:54:50,1,-85,32.11191329,34.95476439,89,23,WIFI
00:42:68:74:70:2e,Kornit Guest,[WPA2-PSK-CCMP][ESS],2017-11-09 02:54:50,48,-79,32.11191329,34.95476439,89,23,WIFI
00:42:68:74:70:21,Kornit Guest,[WPA2-PSK-CCMP][ESS],2017-11-09 02:54:50,1,-86,32.11191329,34.95476439,89,23,WIFI
1c:bd:b9:3d:d6:94,Bezeq_3dd691,[WEP][ESS],2017-11-09 02:54:50,6,-82,32.11191329,34.95476439,89,23,WIFI
c0:4a:00:bd:00:4c,TP-LINK_BD004C,[WPA-PSK-CCMP+TKIP][WPA2-PSK-CCMP+TKIP][WPS][ESS],2017-11-09 02:54:50,6,-86,32.11191329,34.95476439,89,23,WIFI
42507_10222_1479272,HOT mobile,HSDPA;il,2017-11-09 02:54:50,0,-67,32.11191329,34.95476439,89,23,GSM
a4:18:75:c3:2e:73,Orian-Masof,[WPA-PSK-TKIP][WPA2-PSK-CCMP+TKIP][ESS],2017-11-09 02:54:52,13,-90,32.11210732,34.95433725,84,21,WIFI
78:d3:8d:e4:ff:28,office,[WPA2-PSK-CCMP][ESS],2017-11-09 02:54:54,6,-88,32.11229443,34.95386948,82,23,WIFI
5c:0e:8b:4a:3c:30,Shaul,[WPA-PSK-TKIP][WPA2-PSK-TKIP][ESS],2017-11-09 02:54:54,11,-88,32.11229443,34.95386948,82,23,WIFI
00:42:68:74:70:20,Kornit,[WPA2-PSK-CCMP][ESS],2017-11-09 02:54:56,1,-85,32.11251645,34.95337477,79,22,WIFI
1c:bd:b9:3d:d6:94,Bezeq_3dd691,[WEP][ESS],2017-11-09 02:54:56,6,-82,32.11251645,34.95337477,79,22,WIFI
c0:4a:00:bd:00:4c,TP-LINK_BD004C,[WPA-PSK-CCMP+TKIP][WPA2-PSK-CCMP+TKIP][WPS][ESS],2017-11-09 02:54:56,6,-86,32.11251645,34.95337477,79,22,WIFI
42507_10222_1479272,HOT mobile,HSDPA;il,2017-11-09 02:54:56,0,-69,32.11251645,34.95337477,79,22,GSM
78:d3:8d:e4:ff:28,office,[WPA2-PSK-CCMP][ESS],2017-11-09 02:55:00,6,-88,32.1127492,34.95241888,78,21,WIFI
4c:60:de:52:a1:16,Gassan,[WPA2-PSK-CCMP][WPS][ESS],2017-11-09 02:55:00,11,-89,32.1127492,34.95241888,78,21,WIFI
ac:f1:df:9d:7d:81,Emanul 01,[WPA2-PSK-CCMP][ESS],2017-11-09 02:55:02,11,-83,32.11285819,34.95205038,76,17,WIFI
b0:89:00:d8:99:37,Partner-4G-9937,[WPA2-PSK-CCMP][ESS],2017-11-09 02:55:02,2,-88,32.11285819,34.95205038,76,17,WIFI
c4:12:f5:82:cb:43,papaya5,[WPA2-PSK-CCMP][ESS],2017-11-09 02:55:02,1,-89,32.11285819,34.95205038,76,17,WIFI
42507_10222_1479272,HOT mobile,HSDPA;il,2017-11-09 02:55:02,0,-65,32.11285819,34.95205038,76,17,GSM
78:d3:8d:e4:ff:1c,repeater from office,[WPA2-PSK-CCMP][ESS],2017-11-09 02:55:04,1,-83,32.11295352,34.95147978,76,16,WIFI
a8:c8:3a:35:e6:9a,Partner-4G-E69A,[WPA2-PSK-CCMP][ESS],2017-11-09 02:55:04,9,-86,32.11295352,34.95147978,76,16,WIFI
4c:60:de:52:a1:16,Gassan,[WPA2-PSK-CCMP][WPS][ESS],2017-11-09 02:55:06,11,-88,32.11307736,34.95095757,76,16,WIFI
ac:f1:df:9d:7d:81,Emanul 01,[WPA2-PSK-CCMP][ESS],2017-11-09 02:55:06,11,-83,32.11307736,34.95095757,76,16,WIFI
b0:89:00:d8:99:37,Partner-4G-9937,[WPA2-PSK-CCMP][ESS],2017-11-09 02:55:06,2,-88,32.11307736,34.95095757,76,16,WIFI
c4:12:f5:82:cb:43,papaya5,[WPA2-PSK-CCMP][ESS],2017-11-09 02:55:06,1,-89,32.11307736,34.95095757,76,16,WIFI
78:d3:8d:e4:ff:28,office,[WPA2-PSK-CCMP][ESS],2017-11-09 02:55:06,6,-85,32.11307736,34.95095757,76,16,WIFI
42507_10222_1479272,HOT mobile,HSDPA;il,2017-11-09 02:55:06,0,-65,32.11307736,34.95095757,76,16,GSM
78:d3:8d:e4:ff:1c,repeater from office,[WPA2-PSK-CCMP][ESS],2017-11-09 02:55:10,1,-83,32.11344996,34.95015766,76,17,WIFI
a8:c8:3a:35:e6:9a,Partner-4G-E69A,[WPA2-PSK-CCMP][ESS],2017-11-09 02:55:10,9,-86,32.11344996,34.95015766,76,17,WIFI
78:d3:8d:e4:ff:28,office,[WPA2-PSK-CCMP][ESS],2017-11-09 02:55:13,6,-85,32.11366983,34.94936994,77,19,WIFI
42507_10222_1479272,HOT mobile,HSDPA;il,2017-11-09 02:55:13,0,-65,32.11366983,34.94936994,77,19,GSM
78:d3:8d:e4:ff:1c,repeater from office,[WPA2-PSK-CCMP][ESS],2017-11-09 02:55:14,1,-82,32.11374701,34.94911676,76,19,WIFI
78:d3:8d:e4:ff:28,office,[WPA2-PSK-CCMP][ESS],2017-11-09 02:55:18,6,-83,32.11408696,34.94821277,74,18,WIFI
42507_10222_1479272,HOT mobile,HSDPA;il,2017-11-09 02:55:18,0,-65,32.11408696,34.94821277,74,18,GSM
78:d3:8d:e4:ff:1c,repeater from office,[WPA2-PSK-CCMP][ESS],2017-11-09 02:55:20,1,-82,32.11420325,34.94773989,73,19,WIFI
78:d3:8d:e4:ff:04,acseess for camera,[WPA2-PSK-CCMP][ESS],2017-11-09 02:55:22,1,-88,32.11444265,34.94724381,73,16,WIFI
78:d3:8d:e4:ff:28,office,[WPA2-PSK-CCMP][ESS],2017-11-09 02:55:25,6,-73,32.11456536,34.94642455,74,15,WIFI
42507_10222_1479272,HOT mobile,HSDPA;il,2017-11-09 02:55:25,0,-69,32.11456536,34.94642455,74,15,GSM
78:d3:8d:e4:ff:04,acseess for camera,[WPA2-PSK-CCMP][ESS],2017-11-09 02:55:27,1,-88,32.11474595,34.94598414,75,16,WIFI
78:d3:8d:e4:ff:1c,repeater from office,[WPA2-PSK-CCMP][ESS],2017-11-09 02:55:27,1,-78,32.11474595,34.94598414,75,16,WIFI
78:d3:8d:e4:ff:50,camera,[WPA2-PSK-CCMP][ESS],2017-11-09 02:55:27,6,-87,32.11474595,34.94598414,75,16,WIFI
42507_10222_1442761,HOT mobile,HSDPA;il,2017-11-09 02:55:27,0,-71,32.11474595,34.94598414,75,16,GSM
78:d3:8d:e4:ff:28,office,[WPA2-PSK-CCMP][ESS],2017-11-09 02:55:31,6,-78,32.11501105,34.94508053,73,14,WIFI
78:d3:8d:e4:ff:04,acseess for camera,[WPA2-PSK-CCMP][ESS],2017-11-09 02:55:31,1,-81,32.11501105,34.94508053,73,14,WIFI
78:d3:8d:e4:ff:28,office,[WPA2-PSK-CCMP][ESS],2017-11-09 02:55:33,6,-73,32.11512578,34.94463765,73,16,WIFI
78:d3:8d:e4:ff:1c,repeater from office,[WPA2-PSK-CCMP][ESS],2017-11-09 02:55:33,1,-82,32.11512578,34.94463765,73,16,WIFI
78:d3:8d:e4:ff:50,camera,[WPA2-PSK-CCMP][ESS],2017-11-09 02:55:33,6,-86,32.11512578,34.94463765,73,16,WIFI
42507_10222_1442761,HOT mobile,HSDPA;il,2017-11-09 02:55:33,0,-71,32.11512578,34.94463765,73,16,GSM
78:d3:8d:e4:ff:50,camera,[WPA2-PSK-CCMP][ESS],2017-11-09 02:55:35,6,-78,32.11522124,34.9442713,75,19,WIFI
78:d3:8d:e4:ff:04,acseess for camera,[WPA2-PSK-CCMP][ESS],2017-11-09 02:55:37,1,-79,32.11535927,34.94381246,74,21,WIFI
78:d3:8d:e4:ff:1c,repeater from office,[WPA2-PSK-CCMP][ESS],2017-11-09 02:55:37,1,-74,32.11535927,34.94381246,74,21,WIFI
78:d3:8d:e4:ff:28,office,[WPA2-PSK-CCMP][ESS],2017-11-09 02:55:39,6,-77,32.11554224,34.94319206,77,20,WIFI
78:d3:8d:e4:ff:50,camera,[WPA2-PSK-CCMP][ESS],2017-11-09 02:55:39,6,-82,32.11554224,34.94319206,77,20,WIFI
42507_10222_1442761,HOT mobile,HSDPA;il,2017-11-09 02:55:39,0,-69,32.11554224,34.94319206,77,20,GSM
78:d3:8d:e4:ff:04,acseess for camera,[WPA2-PSK-CCMP][ESS],2017-11-09 02:55:41,1,-81,32.11566531,34.94264929,76,19,WIFI
78:d3:8d:e4:ff:1c,repeater from office,[WPA2-PSK-CCMP][ESS],2017-11-09 02:55:41,1,-77,32.11566531,34.94264929,76,19,WIFI
78:d3:8d:e4:ff:28,office,[WPA2-PSK-CCMP][ESS],2017-11-09 02:55:45,6,-84,32.11580714,34.94163027,76,15,WIFI
78:d3:8d:e4:ff:04,acseess for camera,[WPA2-PSK-CCMP][ESS],2017-11-09 02:55:45,1,-84,32.11580714,34.94163027,76,15,WIFI
78:d3:8d:e4:ff:1c,repeater from office,[WPA2-PSK-CCMP][ESS],2017-11-09 02:55:45,1,-72,32.11580714,34.94163027,76,15,WIFI
78:d3:8d:e4:ff:50,camera,[WPA2-PSK-CCMP][ESS],2017-11-09 02:55:45,6,-80,32.11580714,34.94163027,76,15,WIFI
42507_10222_1442761,HOT mobile,HSDPA;il,2017-11-09 02:55:45,0,-69,32.11580714,34.94163027,76,15,GSM
78:d3:8d:e4:ff:28,office,[WPA2-PSK-CCMP][ESS],2017-11-09 02:55:51,6,-83,32.11591834,34.94028028,68,12,WIFI
78:d3:8d:e4:ff:04,acseess for camera,[WPA2-PSK-CCMP][ESS],2017-11-09 02:55:51,1,-84,32.11591834,34.94028028,68,12,WIFI
78:d3:8d:e4:ff:1c,repeater from office,[WPA2-PSK-CCMP][ESS],2017-11-09 02:55:51,1,-78,32.11591834,34.94028028,68,12,WIFI
78:d3:8d:e4:ff:50,camera,[WPA2-PSK-CCMP][ESS],2017-11-09 02:55:51,6,-77,32.11591834,34.94028028,68,12,WIFI
42507_10222_1442761,HOT mobile,HSDPA;il,2017-11-09 02:55:51,0,-69,32.11591834,34.94028028,68,12,GSM
78:d3:8d:e4:ff:28,office,[WPA2-PSK-CCMP][ESS],2017-11-09 02:55:57,6,-84,32.11598533,34.93884483,69,12,WIFI
78:d3:8d:e4:ff:04,acseess for camera,[WPA2-PSK-CCMP][ESS],2017-11-09 02:55:57,1,-83,32.11598533,34.93884483,69,12,WIFI
78:d3:8d:e4:ff:1c,repeater from office,[WPA2-PSK-CCMP][ESS],2017-11-09 02:55:57,1,-77,32.11598533,34.93884483,69,12,WIFI
78:d3:8d:e4:ff:50,camera,[WPA2-PSK-CCMP][ESS],2017-11-09 02:55:57,6,-81,32.11598533,34.93884483,69,12,WIFI
42507_10222_1442761,HOT mobile,HSDPA;il,2017-11-09 02:55:57,0,-67,32.11598533,34.93884483,69,12,GSM
78:d3:8d:e4:ff:28,office,[WPA2-PSK-CCMP][ESS],2017-11-09 02:56:03,6,-86,32.11604131,34.93737684,67,12,WIFI
78:d3:8d:e4:ff:04,acseess for camera,[WPA2-PSK-CCMP][ESS],2017-11-09 02:56:03,1,-84,32.11604131,34.93737684,67,12,WIFI
78:d3:8d:e4:ff:1c,repeater from office,[WPA2-PSK-CCMP][ESS],2017-11-09 02:56:03,1,-79,32.11604131,34.93737684,67,12,WIFI
78:d3:8d:e4:ff:50,camera,[WPA2-PSK-CCMP][ESS],2017-11-09 02:56:03,6,-87,32.11604131,34.93737684,67,12,WIFI
42507_10222_1442761,HOT mobile,HSDPA;il,2017-11-09 02:56:03,0,-65,32.11604131,34.93737684,67,12,GSM
78:d3:8d:e4:ff:28,office,[WPA2-PSK-CCMP][ESS],2017-11-09 02:56:09,6,-86,32.11607922,34.935915,62,11,WIFI
78:d3:8d:e4:ff:04,acseess for camera,[WPA2-PSK-CCMP][ESS],2017-11-09 02:56:09,1,-88,32.11607922,34.935915,62,11,WIFI
78:d3:8d:e4:ff:1c,repeater from office,[WPA2-PSK-CCMP][ESS],2017-11-09 02:56:09,1,-86,32.11607922,34.935915,62,11,WIFI
78:d3:8d:e4:ff:50,camera,[WPA2-PSK-CCMP][ESS],2017-11-09 02:56:09,6,-87,32.11607922,34.935915,62,11,WIFI
42507_10222_1442761,HOT mobile,HSDPA;il,2017-11-09 02:56:09,0,-63,32.11607922,34.935915,62,11,GSM
42507_10222_1442755,HOT mobile,HSDPA;il,2017-11-09 02:56:13,0,-63,32.11610297,34.93492237,62,12,GSM
78:d3:8d:e4:ff:28,office,[WPA2-PSK-CCMP][ESS],2017-11-09 02:56:15,6,-87,32.11614439,34.93444062,64,11,WIFI
78:d3:8d:e4:ff:04,acseess for camera,[WPA2-PSK-CCMP][ESS],2017-11-09 02:56:15,1,-88,32.11614439,34.93444062,64,11,WIFI
78:d3:8d:e4:ff:1c,repeater from office,[WPA2-PSK-CCMP][ESS],2017-11-09 02:56:15,1,-80,32.11614439,34.93444062,64,11,WIFI
42507_10222_1442755,HOT mobile,HSDPA;il,2017-11-09 02:56:19,0,-71,32.11617789,34.93344681,61,13,GSM
78:d3:8d:e4:ff:28,office,[WPA2-PSK-CCMP][ESS],2017-11-09 02:56:21,6,-87,32.11621248,34.93295085,60,12,WIFI
78:d3:8d:e4:ff:04,acseess for camera,[WPA2-PSK-CCMP][ESS],2017-11-09 02:56:21,1,-89,32.11621248,34.93295085,60,12,WIFI
78:d3:8d:e4:ff:1c,repeater from office,[WPA2-PSK-CCMP][ESS],2017-11-09 02:56:21,1,-90,32.11621248,34.93295085,60,12,WIFI
42507_10222_1442755,HOT mobile,HSDPA;il,2017-11-09 02:56:25,0,-81,32.11626681,34.93196618,60,12,GSM
78:d3:8d:e4:ff:1c,repeater from office,[WPA2-PSK-CCMP][ESS],2017-11-09 02:56:27,1,-90,32.1162782,34.93147129,59,13,WIFI
78:d3:8d:e4:ff:28,office,[WPA2-PSK-CCMP][ESS],2017-11-09 02:56:27,6,-88,32.1162782,34.93147129,59,13,WIFI
42507_10222_1442755,HOT mobile,HSDPA;il,2017-11-09 02:56:29,0,-81,32.11632587,34.93094157,59,13,GSM
78:d3:8d:e4:ff:28,office,[WPA2-PSK-CCMP][ESS],2017-11-09 02:56:33,6,-88,32.11638673,34.92997818,58,12,WIFI
42507_10222_1442755,HOT mobile,HSDPA;il,2017-11-09 02:56:35,0,-81,32.11643706,34.92946433,58,12,GSM
78:d3:8d:e4:ff:1c,repeater from office,[WPA2-PSK-CCMP][ESS],2017-11-09 02:56:37,1,-89,32.11643859,34.92896395,58,12,WIFI
42507_10222_1442755,HOT mobile,HSDPA;il,2017-11-09 02:56:39,0,-81,32.1164817,34.92845062,59,13,GSM
78:d3:8d:e4:ff:1c,repeater from office,[WPA2-PSK-CCMP][ESS],2017-11-09 02:56:41,1,-89,32.11653479,34.92795329,58,13,WIFI
42507_10222_1442755,HOT mobile,HSDPA;il,2017-11-09 02:56:43,0,-81,32.11652165,34.92741002,59,13,GSM
78:d3:8d:e4:ff:1c,repeater from office,[WPA2-PSK-CCMP][ESS],2017-11-09 02:56:45,1,-89,32.11656034,34.92688838,58,13,WIFI
42507_10222_1442755,HOT mobile,HSDPA;il,2017-11-09 02:56:47,0,-81,32.1165809,34.92636613,59,13,GSM
78:d3:8d:e4:ff:28,office,[WPA2-PSK-CCMP][ESS],2017-11-09 02:56:51,6,-86,32.1166273,34.92533533,61,13,WIFI
42507_10222_1442755,HOT mobile,HSDPA;il,2017-11-09 02:56:51,0,-81,32.1166273,34.92533533,61,13,GSM
42507_10041_326125,HOT mobile,UNKNOWN;il,2017-11-09 02:56:53,0,-83,32.11665877,34.92485282,61,14,GSM
78:d3:8d:e4:ff:28,office,[WPA2-PSK-CCMP][ESS],2017-11-09 02:56:55,6,-86,32.11669627,34.92431596,61,19,WIFI
42507_10041_326125,HOT mobile,UNKNOWN;il,2017-11-09 02:56:57,0,-85,32.11673755,34.92375455,61,26,GSM
78:d3:8d:e4:ff:28,office,[WPA2-PSK-CCMP][ESS],2017-11-09 02:56:59,6,-86,32.11677433,34.92320796,61,38,WIFI
42507_10222_1442755,HOT mobile,HSDPA;il,2017-11-09 02:56:59,0,-87,32.11677433,34.92320796,61,38,GSM
42507_10041_326125,HOT mobile,UNKNOWN;il,2017-11-09 02:57:01,0,-87,32.11677905,34.92269169,61,59,GSM
42507_10041_326125,HOT mobile,UNKNOWN;il,2017-11-09 02:58:06,0,-67,32.12114244,34.90769578,66,38,GSM
14:8f:21:c6:18:92,ConnectedCAM2923,[WPA2-PSK-CCMP][WPS][ESS],1970-01-01 02:00:00,11,-86,32.0550690900001,35.14857733,0,1592.25341796875,WIFI
14:8f:21:c6:18:92,ConnectedCAM2923,[WPA2-PSK-CCMP][WPS][ESS],1970-01-01 02:00:00,11,-86,32.05947398,35.13251856,0,1592.25341796875,WIFI
14:8f:21:c6:18:92,ConnectedCAM2923,[WPA2-PSK-CCMP][WPS][ESS],1970-01-01 02:00:00,11,-86,32.06387887,35.11645979,0,1592.25341796875,WIFI
14:8f:21:c6:18:92,ConnectedCAM2923,[WPA2-PSK-CCMP][WPS][ESS],1970-01-01 02:00:00,11,-86,32.0697520566667,35.0950480966667,0,1592.25341796875,WIFI
14:8f:21:c6:18:92,ConnectedCAM2923,[WPA2-PSK-CCMP][WPS][ESS],1970-01-01 02:00:00,11,-86,32.07268865,35.08434225,0,1592.25341796875,WIFI
42507_10041_326125,HOT mobile,UNKNOWN;il,2017-11-09 02:58:11,0,-67,32.12111232,34.90665137,63,15,GSM
42507_10041_326125,HOT mobile,UNKNOWN;il,2017-11-09 02:58:17,0,-61,32.12135833,34.90544976,63,16,GSM
42507_10041_326125,HOT mobile,UNKNOWN;il,2017-11-09 02:58:27,0,-61,32.12198366,34.90425437,64,18,GSM
42507_10041_297666,HOT mobile,HSDPA;il,2017-11-09 02:58:31,0,-67,32.12212281,34.90411635,64,18,GSM
42507_10041_326132,HOT mobile,HSDPA;il,2017-11-09 02:58:37,0,-75,32.12207417,34.90390744,62,12,GSM
42507_10041_297673,HOT mobile,HSDPA;il,2017-11-09 02:58:41,0,-75,32.12203101,34.90390625,63,12,GSM
42507_10041_297673,HOT mobile,HSDPA;il,2017-11-09 02:58:45,0,-69,32.12202647,34.9039103,64,13,GSM
42507_10041_326132,HOT mobile,HSDPA;il,2017-11-09 02:59:02,0,-65,32.12154762,34.90338556,64,14,GSM
42507_10041_297673,HOT mobile,HSDPA;il,2017-11-09 02:59:04,0,-63,32.1213597,34.90338512,64,18,GSM
42507_10041_297673,HOT mobile,HSDPA;il,2017-11-09 02:59:12,0,-63,32.12016934,34.90327234,62,14,GSM
42507_10041_326133,HOT mobile,HSDPA;il,2017-11-09 02:59:14,0,-63,32.11981774,34.90324931,60,15,GSM
42507_10041_326133,HOT mobile,HSDPA;il,2017-11-09 02:59:22,0,-63,32.11857676,34.90319504,58,15,GSM
c4:12:f5:81:71:2b,almogy_2.4,[WPA2-PSK-CCMP][ESS],2017-11-09 02:59:28,11,-86,32.11754274,34.90314217,53,14,WIFI
42507_10041_326133,HOT mobile,HSDPA;il,2017-11-09 02:59:28,0,-59,32.11754274,34.90314217,53,14,GSM
c4:12:f5:81:71:2b,almogy_2.4,[WPA2-PSK-CCMP][ESS],2017-11-09 02:59:34,11,-86,32.11646536,34.9030896,53,15,WIFI
42507_10041_326133,HOT mobile,HSDPA;il,2017-11-09 02:59:34,0,-59,32.11646536,34.9030896,53,15,GSM
42507_10041_293464,HOT mobile,HSDPA;il,2017-11-09 02:59:38,0,-55,32.11581044,34.90300099,51,14,GSM
00:15:70:b7:14:40,toys3dmx,[WPA-PSK-TKIP][WPA2-PSK-TKIP][ESS],2017-11-09 02:59:46,6,-91,32.11461343,34.90287279,48,19,WIFI
42507_10041_293464,HOT mobile,HSDPA;il,2017-11-09 02:59:46,0,-55,32.11461343,34.90287279,48,19,GSM
00:15:70:b7:14:40,toys3dmx,[WPA-PSK-TKIP][WPA2-PSK-TKIP][ESS],2017-11-09 02:59:52,6,-91,32.11359235,34.90282422,49,18,WIFI
42507_10041_293464,HOT mobile,HSDPA;il,2017-11-09 02:59:52,0,-55,32.11359235,34.90282422,49,18,GSM
42507_10041_293464,HOT mobile,HSDPA;il,2017-11-09 02:59:58,0,-55,32.11257,34.90278109,46,20,GSM
b4:c7:99:82:ba:60,S-ISRAEL-RAILWAYS,[ESS],2017-11-09 03:00:06,11,-88,32.11133841,34.90243047,50,16,WIFI
42507_10041_293464,HOT mobile,HSDPA;il,2017-11-09 03:00:06,0,-57,32.11133841,34.90243047,50,16,GSM
42507_10041_293473,HOT mobile,HSDPA;il,2017-11-09 03:00:09,0,-61,32.11077911,34.90227531,51,16,GSM
b4:c7:99:82:ba:60,S-ISRAEL-RAILWAYS,[ESS],2017-11-09 03:00:14,11,-88,32.10996773,34.90199082,51,13,WIFI
42507_10041_293473,HOT mobile,HSDPA;il,2017-11-09 03:00:16,0,-71,32.10962522,34.90185037,51,13,GSM
42507_10041_293473,HOT mobile,HSDPA;il,2017-11-09 03:00:20,0,-63,32.10894462,34.901507,44,14,GSM
42507_10041_293473,HOT mobile,HSDPA;il,2017-11-09 03:00:24,0,-57,32.10828452,34.90123013,46,15,GSM
ac:f1:df:9d:39:99,pnina_gross,[WPA2-PSK-CCMP][ESS],2017-11-09 03:00:26,6,-89,32.10795922,34.90102976,48,12,WIFI
00:02:6f:38:ef:7b,haviv,[ESS],2017-11-09 03:00:28,6,-83,32.10765166,34.90083134,48,12,WIFI
42507_10041_293470,HOT mobile,HSDPA;il,2017-11-09 03:00:28,0,-57,32.10765166,34.90083134,48,12,GSM
ac:f1:df:9d:39:99,pnina_gross,[WPA2-PSK-CCMP][ESS],2017-11-09 03:00:34,6,-86,32.1067299,34.90026151,46,11,WIFI
42507_10041_293473,HOT mobile,HSDPA;il,2017-11-09 03:00:34,0,-57,32.1067299,34.90026151,46,11,GSM
00:02:6f:38:ef:7b,haviv,[ESS],2017-11-09 03:00:36,6,-82,32.10640413,34.90007415,45,12,WIFI
18:64:72:92:db:91,abc,[WPA2-PSK-CCMP][ESS],2017-11-09 03:00:42,58,-81,32.10548614,34.89953946,43,10,WIFI
42507_10041_293473,HOT mobile,HSDPA;il,2017-11-09 03:00:42,0,-63,32.10548614,34.89953946,43,10,GSM
74:da:38:a6:e2:16,agneta_2EX,[WPA2-PSK-CCMP-preauth][WPS][ESS],2017-11-09 03:00:44,6,-88,32.10517025,34.89934779,44,11,WIFI
8a:dc:96:52:c1:0d,Profit-Guest,[WPA2-PSK-CCMP][ESS],2017-11-09 03:00:46,8,-86,32.1048612,34.89914421,44,11,WIFI
88:dc:96:52:c1:0d,Profit,[WPA2-PSK-CCMP][ESS],2017-11-09 03:00:46,8,-87,32.1048612,34.89914421,44,11,WIFI
8a:dc:96:52:c1:13,Profit-Guest,[WPA2-PSK-CCMP][ESS],2017-11-09 03:00:48,8,-84,32.10456774,34.89906054,44,11,WIFI
18:64:72:92:db:91,abc,[WPA2-PSK-CCMP][ESS],2017-11-09 03:00:51,58,-81,32.10412554,34.89884311,46,12,WIFI
74:da:38:a6:e2:16,agneta_2EX,[WPA2-PSK-CCMP-preauth][WPS][ESS],2017-11-09 03:00:51,6,-88,32.10412554,34.89884311,46,12,WIFI
8a:dc:96:52:c1:0d,Profit-Guest,[WPA2-PSK-CCMP][ESS],2017-11-09 03:00:51,8,-79,32.10412554,34.89884311,46,12,WIFI
88:dc:96:52:c1:0d,Profit,[WPA2-PSK-CCMP][ESS],2017-11-09 03:00:51,8,-77,32.10412554,34.89884311,46,12,WIFI
88:dc:96:52:c1:26,Profit,[WPA2-PSK-CCMP][ESS],2017-11-09 03:00:51,36,-78,32.10412554,34.89884311,46,12,WIFI
88:dc:96:52:c1:0e,Profit,[WPA2-PSK-CCMP][ESS],2017-11-09 03:00:51,36,-81,32.10412554,34.89884311,46,12,WIFI
88:dc:96:52:c1:25,Profit,[WPA2-PSK-CCMP][ESS],2017-11-09 03:00:51,3,-79,32.10412554,34.89884311,46,12,WIFI
8a:dc:96:52:c1:25,Profit-Guest,[WPA2-PSK-CCMP][ESS],2017-11-09 03:00:51,3,-81,32.10412554,34.89884311,46,12,WIFI
e0:0e:da:d5:d0:41,col-mobile,[WPA-PSK-CCMP][WPA2-PSK-CCMP][ESS],2017-11-09 03:00:51,1,-83,32.10412554,34.89884311,46,12,WIFI
e0:0e:da:d5:d0:40,col-office,[WPA-EAP-CCMP+TKIP][WPA2-EAP-CCMP][ESS],2017-11-09 03:00:51,1,-84,32.10412554,34.89884311,46,12,WIFI
08:97:58:33:a7:e4,NIPPON_1158,[WPA-PSK-CCMP][WPS][ESS],2017-11-09 03:00:51,3,-85,32.10412554,34.89884311,46,12,WIFI
2c:d0:2d:ac:34:51,col-mobile,[WPA-PSK-CCMP][WPA2-PSK-CCMP][ESS],2017-11-09 03:00:51,6,-86,32.10412554,34.89884311,46,12,WIFI
1c:7e:e5:a6:cd:53,ezra1,[WPA-PSK-CCMP+TKIP][ESS],2017-11-09 03:00:51,6,-87,32.10412554,34.89884311,46,12,WIFI
08:96:ad:86:4f:71,col-mobile,[WPA-PSK-CCMP][WPA2-PSK-CCMP][ESS],2017-11-09 03:00:51,11,-88,32.10412554,34.89884311,46,12,WIFI
08:96:ad:86:4f:70,col-office,[WPA-EAP-CCMP+TKIP][WPA2-EAP-CCMP][ESS],2017-11-09 03:00:51,11,-89,32.10412554,34.89884311,46,12,WIFI
24:0a:64:e9:ab:16,nissan,[WPA-PSK-CCMP+TKIP][WPA2-PSK-CCMP+TKIP][ESS],2017-11-09 03:00:51,11,-91,32.10412554,34.89884311,46,12,WIFI
e0:0e:da:d5:d0:42,Colmobil-Free,[ESS],2017-11-09 03:00:51,1,-84,32.10412554,34.89884311,46,12,WIFI
36:0a:64:e9:ab:16,carssoguset,[ESS],2017-11-09 03:00:51,11,-88,32.10412554,34.89884311,46,12,WIFI
08:96:ad:86:4f:72,Colmobil-Free,[ESS],2017-11-09 03:00:51,11,-89,32.10412554,34.89884311,46,12,WIFI
42507_10041_293473,HOT mobile,HSDPA;il,2017-11-09 03:00:51,0,-63,32.10412554,34.89884311,46,12,GSM
2c:d0:2d:ac:34:50,col-office,[WPA-EAP-CCMP+TKIP][WPA2-EAP-CCMP][ESS],2017-11-09 03:00:53,6,-82,32.10385227,34.89873235,44,12,WIFI
2c:d0:2d:ac:34:52,Colmobil-Free,[ESS],2017-11-09 03:00:53,6,-82,32.10385227,34.89873235,44,12,WIFI
42507_10041_293466,HOT mobile,HSDPA;il,2017-11-09 03:00:53,0,-63,32.10385227,34.89873235,44,12,GSM
8a:dc:96:52:c1:13,Profit-Guest,[WPA2-PSK-CCMP][ESS],2017-11-09 03:00:55,8,-83,32.10355956,34.8985879,43,13,WIFI
88:dc:96:52:c1:13,Profit,[WPA2-PSK-CCMP][ESS],2017-11-09 03:00:55,8,-78,32.10355956,34.8985879,43,13,WIFI
70:62:b8:32:22:2f,Israbieg1,[WPA-PSK-CCMP+TKIP][ESS],2017-11-09 03:00:55,1,-86,32.10355956,34.8985879,43,13,WIFI
2c:d0:2d:ac:34:51,col-mobile,[WPA-PSK-CCMP][WPA2-PSK-CCMP][ESS],2017-11-09 03:00:57,6,-81,32.10325788,34.89846906,45,13,WIFI
8a:dc:96:52:c1:0d,Profit-Guest,[WPA2-PSK-CCMP][ESS],2017-11-09 03:00:59,8,-84,32.10301402,34.89838196,44,14,WIFI
88:dc:96:52:c1:0d,Profit,[WPA2-PSK-CCMP][ESS],2017-11-09 03:00:59,8,-78,32.10301402,34.89838196,44,14,WIFI
88:dc:96:52:c1:26,Profit,[WPA2-PSK-CCMP][ESS],2017-11-09 03:00:59,36,-78,32.10301402,34.89838196,44,14,WIFI
88:dc:96:52:c1:0e,Profit,[WPA2-PSK-CCMP][ESS],2017-11-09 03:00:59,36,-81,32.10301402,34.89838196,44,14,WIFI
88:dc:96:52:c1:25,Profit,[WPA2-PSK-CCMP][ESS],2017-11-09 03:00:59,3,-83,32.10301402,34.89838196,44,14,WIFI
8a:dc:96:52:c1:25,Profit-Guest,[WPA2-PSK-CCMP][ESS],2017-11-09 03:00:59,3,-82,32.10301402,34.89838196,44,14,WIFI
e0:0e:da:d5:d0:41,col-mobile,[WPA-PSK-CCMP][WPA2-PSK-CCMP][ESS],2017-11-09 03:00:59,1,-83,32.10301402,34.89838196,44,14,WIFI
e0:0e:da:d5:d0:40,col-office,[WPA-EAP-CCMP+TKIP][WPA2-EAP-CCMP][ESS],2017-11-09 03:00:59,1,-84,32.10301402,34.89838196,44,14,WIFI
08:97:58:33:a7:e4,NIPPON_1158,[WPA-PSK-CCMP][WPS][ESS],2017-11-09 03:00:59,3,-85,32.10301402,34.89838196,44,14,WIFI
1c:7e:e5:a6:cd:53,ezra1,[WPA-PSK-CCMP+TKIP][ESS],2017-11-09 03:00:59,6,-87,32.10301402,34.89838196,44,14,WIFI
08:96:ad:86:4f:71,col-mobile,[WPA-PSK-CCMP][WPA2-PSK-CCMP][ESS],2017-11-09 03:00:59,11,-88,32.10301402,34.89838196,44,14,WIFI
08:96:ad:86:4f:70,col-office,[WPA-EAP-CCMP+TKIP][WPA2-EAP-CCMP][ESS],2017-11-09 03:00:59,11,-89,32.10301402,34.89838196,44,14,WIFI
24:0a:64:e9:ab:16,nissan,[WPA-PSK-CCMP+TKIP][WPA2-PSK-CCMP+TKIP][ESS],2017-11-09 03:00:59,11,-88,32.10301402,34.89838196,44,14,WIFI
e0:0e:da:d5:d0:42,Colmobil-Free,[ESS],2017-11-09 03:00:59,1,-84,32.10301402,34.89838196,44,14,WIFI
36:0a:64:e9:ab:16,carssoguset,[ESS],2017-11-09 03:00:59,11,-88,32.10301402,34.89838196,44,14,WIFI
08:96:ad:86:4f:72,Colmobil-Free,[ESS],2017-11-09 03:00:59,11,-88,32.10301402,34.89838196,44,14,WIFI
10:5a:f7:02:9e:e5,liora_2.4,[WPA2-PSK-CCMP][ESS],2017-11-09 03:00:59,1,-85,32.10301402,34.89838196,44,14,WIFI
2c:d0:2d:ac:34:50,col-office,[WPA-EAP-CCMP+TKIP][WPA2-EAP-CCMP][ESS],2017-11-09 03:01:01,6,-86,32.10280235,34.89826506,45,13,WIFI
2c:d0:2d:ac:34:52,Colmobil-Free,[ESS],2017-11-09 03:01:01,6,-81,32.10280235,34.89826506,45,13,WIFI
e8:cc:18:ed:50:86,central,[WPA2-PSK-CCMP][ESS],2017-11-09 03:01:01,6,-88,32.10280235,34.89826506,45,13,WIFI
42507_10041_293466,HOT mobile,HSDPA;il,2017-11-09 03:01:01,0,-67,32.10280235,34.89826506,45,13,GSM
00:8c:54:8c:b8:21,diana,[WPA2-PSK-CCMP+TKIP][ESS],2017-11-09 03:01:03,11,-86,32.10262063,34.89820712,46,13,WIFI
88:dc:96:52:c1:13,Profit,[WPA2-PSK-CCMP][ESS],2017-11-09 03:01:05,8,-86,32.10247137,34.89812756,44,12,WIFI
9c:2a:70:78:ee:f3,HP-Print-f3-LaserJet 400 MFP,[WPA2-PSK-CCMP][ESS],2017-11-09 03:01:05,1,-82,32.10247137,34.89812756,44,12,WIFI
42507_10041_294079,HOT mobile,HSDPA;il,2017-11-09 03:01:05,0,-69,32.10247137,34.89812756,44,12,GSM
00:1f:1f:b6:4e:08,tor,[WPA-PSK-CCMP+TKIP][WPA2-PSK-CCMP+TKIP][ESS],2017-11-09 03:01:07,7,-83,32.10234184,34.89804329,45,13,WIFI
74:da:38:9d:02:cd,edimax_2.4G_9D02CD,[WPA2-PSK-CCMP][WPS][ESS],2017-11-09 03:01:11,4,-86,32.10222183,34.89797325,45,14,WIFI
c0:ff:d4:7f:67:da,joplin_2.4,[WPA2-PSK-CCMP][WPS][ESS],2017-11-09 03:01:11,11,-87,32.10222183,34.89797325,45,14,WIFI
f8:d1:11:a8:dd:36,Zicon-Lab,[WPA2--CCMP+TKIP][ESS],2017-11-09 03:01:11,1,-85,32.10222183,34.89797325,45,14,WIFI
14:ae:db:b6:24:4d,Bezeq_WiFi,[ESS],2017-11-09 03:01:11,11,-89,32.10222183,34.89797325,45,14,WIFI
06:ae:db:b4:1a:15,BezeqFree,[WPA2-PSK-CCMP][ESS],2017-11-09 03:01:36,6,-89,32.1021686,34.89798744,49,13,WIFI
14:ae:db:b4:1a:15,shimon,[WPA2-PSK-CCMP][ESS],2017-11-09 03:01:36,6,-91,32.1021686,34.89798744,49,13,WIFI
14:ae:db:4e:3c:85,top,[WPA-PSK-CCMP+TKIP][WPA2-PSK-CCMP+TKIP][WPS][ESS],2017-11-09 03:01:40,1,-87,32.10215555,34.89798172,49,13,WIFI
8a:dc:96:52:c1:0d,Profit-Guest,[WPA2-PSK-CCMP][ESS],2017-11-09 03:01:42,8,-86,32.10197797,34.89798457,51,12,WIFI
00:0c:c3:d0:81:3c,Karni,[WPA-PSK-CCMP+TKIP][WPA2-PSK-CCMP+TKIP][WPS][ESS],2017-11-09 03:01:42,6,-87,32.10197797,34.89798457,51,12,WIFI
88:dc:96:52:c1:0d,Profit,[WPA2-PSK-CCMP][ESS],2017-11-09 03:01:42,8,-88,32.10197797,34.89798457,51,12,WIFI
c0:ff:d4:7a:2a:b5,lumi,[WPA2-PSK-CCMP][WPS][ESS],2017-11-09 03:01:42,11,-89,32.10197797,34.89798457,51,12,WIFI
14:ae:db:32:e7:52,freesushimarket2.4,[WPA2-PSK-CCMP][ESS],2017-11-09 03:01:45,11,-89,32.10177588,34.89808815,50,12,WIFI
74:ea:3a:c3:ad:60,adri,[WPS][WEP][ESS],2017-11-09 03:01:45,4,-87,32.10177588,34.89808815,50,12,WIFI
00:8c:54:8c:b8:21,diana,[WPA2-PSK-CCMP+TKIP][ESS],2017-11-09 03:01:47,11,-87,32.10160653,34.89819108,52,13,WIFI
18:a6:f7:32:be:63,TP-LINK_BE63,[WPA2-PSK-CCMP][WPS][ESS],2017-11-09 03:01:47,11,-86,32.10160653,34.89819108,52,13,WIFI
9c:2a:70:78:ee:f3,HP-Print-f3-LaserJet 400 MFP,[WPA2-PSK-CCMP][ESS],2017-11-09 03:01:51,1,-87,32.10144827,34.89826403,51,13,WIFI
b4:ee:b4:86:c1:eb,Shefi,[WPA-PSK-CCMP+TKIP][WPA2-PSK-CCMP+TKIP][ESS],2017-11-09 03:01:51,11,-84,32.10144827,34.89826403,51,13,WIFI
fc:3f:db:7e:48:db,DIRECT-DA-HP DeskJet 4670 series,[WPA2-PSK-CCMP][WPS][ESS],2017-11-09 03:01:51,6,-86,32.10144827,34.89826403,51,13,WIFI
6a:12:f5:f7:c7:05,BezeqFree,[WPA2-PSK-CCMP][ESS],2017-11-09 03:01:51,2,-88,32.10144827,34.89826403,51,13,WIFI
42507_10041_294079,HOT mobile,HSDPA;il,2017-11-09 03:01:51,0,-73,32.10144827,34.89826403,51,13,GSM
a0:4f:d4:41:7a:41,Motty0131,[WPA2-PSK-CCMP][ESS],2017-11-09 03:01:53,1,-87,32.10140655,34.89829813,51,13,WIFI
00:1f:1f:ff:2f:14,M-Gear2,[WPA-PSK-CCMP+TKIP][WPA2-PSK-CCMP+TKIP][WPS][ESS],2017-11-09 03:01:55,11,-90,32.10139327,34.89832173,51,14,WIFI
a0:4f:d4:41:7a:41,Motty0131,[WPA2-PSK-CCMP][ESS],2017-11-09 03:01:56,1,-82,32.10138515,34.89833064,51,15,WIFI
7c:b7:33:a1:97:40,shay panker,[WPA-PSK-CCMP+TKIP][WPA2-PSK-CCMP+TKIP][ESS],2017-11-09 03:02:00,13,-90,32.10135552,34.89832839,53,16,WIFI
c0:ac:54:f7:fa:d7,mud6969,[WPA-PSK-CCMP+TKIP][WPA2-PSK-CCMP+TKIP][ESS],2017-11-09 03:02:02,1,-88,32.10137918,34.89830873,50,15,WIFI
d0:d4:12:5c:cd:1a,M-Gear,[WPA2-PSK-CCMP][ESS],2017-11-09 03:02:02,1,-90,32.10137918,34.89830873,50,15,WIFI
a0:ab:1b:55:e4:5a,dudu,[WPA2-PSK-CCMP][ESS],2017-11-09 03:02:08,5,-92,32.10141292,34.89831937,46,12,WIFI
c4:12:f5:f7:c7:04,rachel,[WPA2-PSK-CCMP][ESS],2017-11-09 03:02:08,2,-92,32.10141292,34.89831937,46,12,WIFI
c4:12:f5:f7:c7:04,rachel,[WPA2-PSK-CCMP][ESS],2017-11-09 03:02:10,2,-87,32.10141719,34.89830657,46,13,WIFI
00:1f:1f:ae:48:f8,default,[WEP][ESS],2017-11-09 03:02:12,11,-88,32.1013981,34.89829897,46,12,WIFI
a0:ab:1b:63:57:ca,PAZ,[WPA2-PSK-CCMP][ESS],2017-11-09 03:02:19,9,-88,32.10133417,34.89832283,47,26,WIFI
c4:12:f5:f9:dc:24,TONG,[WPA2-PSK-CCMP][ESS],2017-11-09 03:02:22,1,-83,32.10133674,34.89828702,48,17,WIFI
00:1f:1f:b6:4e:08,tor,[WPA-PSK-CCMP+TKIP][WPA2-PSK-CCMP+TKIP][ESS],2017-11-09 03:02:22,7,-87,32.10133674,34.89828702,48,17,WIFI
b4:a5:ef:e7:54:28,mios_50103771,[WPA2-PSK-CCMP+TKIP][ESS],2017-11-09 03:02:22,1,-87,32.10133674,34.89828702,48,17,WIFI
06:ae:db:b2:60:85,BezeqFree,[WPA2-PSK-CCMP][ESS],2017-11-09 03:02:22,6,-89,32.10133674,34.89828702,48,17,WIFI
9c:d6:43:28:84:98,school-d,[WEP][ESS],2017-11-09 03:02:22,40,-81,32.10133674,34.89828702,48,17,WIFI
14:ae:db:b2:60:85,046183104,[WPA2-PSK-CCMP][ESS],2017-11-09 03:02:24,6,-85,32.10135831,34.8982648,51,15,WIFI
fa:da:0c:49:f7:c4,DIRECT-c4-HP M477 LaserJet,[WPA2-PSK-CCMP][WPS][ESS],2017-11-09 03:02:24,8,-86,32.10135831,34.8982648,51,15,WIFI
9c:97:26:7c:25:25,TNCAPE5A34D,[WPS][ESS],2017-11-09 03:02:24,11,-89,32.10135831,34.8982648,51,15,WIFI
88:dc:96:52:c1:0d,Profit,[WPA2-PSK-CCMP][ESS],2017-11-09 03:02:26,8,-83,32.10137704,34.89823788,51,15,WIFI
14:ae:db:32:e7:52,freesushimarket2.4,[WPA2-PSK-CCMP][ESS],2017-11-09 03:02:26,11,-84,32.10137704,34.89823788,51,15,WIFI
2c:d0:2d:ac:34:51,col-mobile,[WPA-PSK-CCMP][WPA2-PSK-CCMP][ESS],2017-11-09 03:02:26,6,-86,32.10137704,34.89823788,51,15,WIFI
2c:d0:2d:ac:34:52,Colmobil-Free,[ESS],2017-11-09 03:02:26,6,-85,32.10137704,34.89823788,51,15,WIFI
64:51:06:ba:bf:17,HP-Print-17-Officejet Pro 6830,[WPA2-PSK-CCMP][ESS],2017-11-09 03:02:29,6,-86,32.10140071,34.89820762,51,18,WIFI
32:cd:a7:fc:f0:cc,DIRECT-YFC48x Series,[WPA2-PSK-CCMP][WPS][ESS],2017-11-09 03:02:29,1,-86,32.10140071,34.89820762,51,18,WIFI
74:ea:3a:f1:a6:0a,cohenzadek-HP_Network,[WPA2-PSK-CCMP][WPS][ESS],2017-11-09 03:02:29,1,-86,32.10140071,34.89820762,51,18,WIFI
e0:ce:c3:8b:ce:77,ori,[WPA-PSK-CCMP+TKIP][WPA2-PSK-CCMP+TKIP][ESS],2017-11-09 03:02:29,11,-87,32.10140071,34.89820762,51,18,WIFI
48:ee:0c:3e:d1:ad,Bezeq_WiFi,[ESS],2017-11-09 03:02:29,9,-89,32.10140071,34.89820762,51,18,WIFI
00:1f:1f:b6:4e:08,tor,[WPA-PSK-CCMP+TKIP][WPA2-PSK-CCMP+TKIP][ESS],2017-11-09 03:02:38,7,-82,32.10143173,34.89813912,51,22,WIFI
14:ae:db:b6:24:4d,Bezeq_WiFi,[ESS],2017-11-09 03:02:38,11,-84,32.10143173,34.89813912,51,22,WIFI
00:12:2a:41:4b:8c,Shachar,[WPA-PSK-CCMP+TKIP][WPA2-PSK-CCMP+TKIP][ESS],2017-11-09 03:02:38,1,-83,32.10143173,34.89813912,51,22,WIFI
a0:4f:d4:41:d6:61,hopy,[WPA2-PSK-CCMP][ESS],2017-11-09 03:02:38,1,-87,32.10143173,34.89813912,51,22,WIFI
9c:2a:70:78:ee:f3,HP-Print-f3-LaserJet 400 MFP,[WPA2-PSK-CCMP][ESS],2017-11-09 03:02:42,1,-82,32.10141418,34.89808868,52,14,WIFI
9c:97:26:7c:25:25,TNCAPE5A34D,[WPS][ESS],2017-11-09 03:02:44,11,-83,32.10143183,34.89808296,55,14,WIFI
a0:4f:d4:41:d6:61,hopy,[WPA2-PSK-CCMP][ESS],2017-11-09 03:02:44,1,-82,32.10143183,34.89808296,55,14,WIFI
d0:d4:12:6c:f7:62,iaharon,[WPA2-PSK-CCMP][ESS],2017-11-09 03:02:44,1,-84,32.10143183,34.89808296,55,14,WIFI
48:ee:0c:3e:1e:bb,1_yossi_aviv,[WPA2-PSK-CCMP][ESS],2017-11-09 03:02:44,2,-86,32.10143183,34.89808296,55,14,WIFI
88:dc:96:52:c1:0e,Profit,[WPA2-PSK-CCMP][ESS],2017-11-09 03:02:46,36,-82,32.1014587,34.89806997,60,12,WIFI
a4:2b:8c:98:82:bd,turboclean_2.4,[WPA2-PSK-CCMP][WPS][ESS],2017-11-09 03:02:46,11,-89,32.1014587,34.89806997,60,12,WIFI
c8:be:19:09:8a:29,Vladi,[WPA2-PSK-CCMP][ESS],2017-11-09 03:02:46,8,-90,32.1014587,34.89806997,60,12,WIFI
a4:2b:8c:98:82:bd,turboclean_2.4,[WPA2-PSK-CCMP][WPS][ESS],2017-11-09 03:02:48,11,-83,32.10149269,34.89805665,61,11,WIFI
6a:14:01:33:e3:1b,DIRECT-1b-HP M477 LaserJet,[WPA2-PSK-CCMP][WPS][ESS],2017-11-09 03:02:52,8,-87,32.10155059,34.89800701,48,11,WIFI
00:1f:1f:b6:4e:08,tor,[WPA-PSK-CCMP+TKIP][WPA2-PSK-CCMP+TKIP][ESS],2017-11-09 03:02:56,7,-75,32.10160523,34.89794773,40,11,WIFI
14:ae:db:4e:3c:85,top,[WPA-PSK-CCMP+TKIP][WPA2-PSK-CCMP+TKIP][WPS][ESS],2017-11-09 03:02:56,1,-81,32.10160523,34.89794773,40,11,WIFI
c0:4a:00:94:f4:f9,forerzvi,[WPA-PSK-CCMP+TKIP][WPA2-PSK-CCMP+TKIP][ESS],2017-11-09 03:02:56,9,-88,32.10160523,34.89794773,40,11,WIFI
54:64:d9:61:5d:af,HOTBOX-100,[WPA-PSK-CCMP+TKIP][WPA2-PSK-CCMP+TKIP][ESS],2017-11-09 03:02:56,11,-88,32.10160523,34.89794773,40,11,WIFI
c4:12:f5:84:81:db,VOVA1950,[WPA2-PSK-CCMP][ESS],2017-11-09 03:03:00,2,-90,32.10168165,34.89792822,43,5,WIFI
28:80:23:cf:41:16,HP-Print-16-Officejet Pro 6830,[ESS],2017-11-09 03:03:00,6,-90,32.10168165,34.89792822,43,5,WIFI
c4:12:f5:84:81:da,VOVA1950_5,[WPA2-PSK-CCMP][ESS],2017-11-09 03:03:04,48,-79,32.10174232,34.89794011,45,5,WIFI
3c:1e:04:02:ec:a2,Yoseth5,[WPA2-PSK-CCMP][ESS],2017-11-09 03:03:04,48,-80,32.10174232,34.89794011,45,5,WIFI
c0:ff:d4:7a:2a:b5,lumi,[WPA2-PSK-CCMP][WPS][ESS],2017-11-09 03:03:12,11,-83,32.10184605,34.89804472,49,6,WIFI
14:ae:db:a4:71:d5,bz42979926_5,[WPA2-PSK-CCMP][ESS],2017-11-09 03:03:12,48,-80,32.10184605,34.89804472,49,6,WIFI
14:ae:db:4e:48:ad,Yakov27,[WPA-PSK-CCMP+TKIP][WPA2-PSK-CCMP+TKIP][WPS][ESS],2017-11-09 03:03:12,11,-88,32.10184605,34.89804472,49,6,WIFI
a0:ab:1b:55:e4:5a,dudu,[WPA2-PSK-CCMP][ESS],2017-11-09 03:03:14,5,-86,32.10188434,34.89806527,49,7,WIFI
8a:dc:96:52:c1:19,Profit-Guest,[WPA2-PSK-CCMP][ESS],2017-11-09 03:03:14,4,-87,32.10188434,34.89806527,49,7,WIFI
8a:dc:96:52:c1:25,Profit-Guest,[WPA2-PSK-CCMP][ESS],2017-11-09 03:03:18,3,-85,32.1019381,34.89811669,52,5,WIFI
88:dc:96:52:c1:25,Profit,[WPA2-PSK-CCMP][ESS],2017-11-09 03:03:18,3,-89,32.1019381,34.89811669,52,5,WIFI
10:5a:f7:02:9e:e5,liora_2.4,[WPA2-PSK-CCMP][ESS],2017-11-09 03:03:18,1,-90,32.1019381,34.89811669,52,5,WIFI
e8:d1:1b:73:4e:df,HOTBOX-4ED9,[WPA-PSK-CCMP+TKIP][WPA2-PSK-CCMP+TKIP][ESS],2017-11-09 03:03:20,11,-86,32.10195541,34.89814443,50,4,WIFI
e0:ce:c3:8c:de:90,sky,[WPA-PSK-CCMP+TKIP][WPA2-PSK-CCMP+TKIP][ESS],2017-11-09 03:03:20,11,-88,32.10195541,34.89814443,50,4,WIFI
a0:8e:78:80:16:20,Tatyana10,[WPA-PSK-CCMP+TKIP][WPA2-PSK-CCMP+TKIP][ESS],2017-11-09 03:03:20,11,-89,32.10195541,34.89814443,50,4,WIFI
00:1f:1f:ae:48:f8,default,[WEP][ESS],2017-11-09 03:03:20,11,-83,32.10195541,34.89814443,50,4,WIFI
14:ae:db:4c:42:35,Michalasry,[WPA-PSK-CCMP+TKIP][WPA2-PSK-CCMP+TKIP][WPS][ESS],2017-11-09 03:03:22,1,-87,32.10196949,34.89817245,52,4,WIFI
7c:b7:33:be:c3:bf,Mevaso,[WPA-PSK-CCMP+TKIP][WPA2-PSK-CCMP+TKIP][ESS],2017-11-09 03:03:22,1,-89,32.10196949,34.89817245,52,4,WIFI
14:ae:db:a4:71:d2,bz42979926,[WPA2-PSK-CCMP][ESS],2017-11-09 03:03:22,10,-91,32.10196949,34.89817245,52,4,WIFI
00:8c:54:8c:b8:21,diana,[WPA2-PSK-CCMP+TKIP][ESS],2017-11-09 03:03:24,11,-80,32.10198254,34.89819957,51,4,WIFI
18:a6:f7:32:be:63,TP-LINK_BE63,[WPA2-PSK-CCMP][WPS][ESS],2017-11-09 03:03:24,11,-81,32.10198254,34.89819957,51,4,WIFI
14:ae:db:a4:71:d2,bz42979926,[WPA2-PSK-CCMP][ESS],2017-11-09 03:03:24,10,-86,32.10198254,34.89819957,51,4,WIFI
7c:03:4c:ff:5e:b6,HOTBOX-EFBC,[WPA-PSK-CCMP+TKIP][WPA2-PSK-CCMP+TKIP][ESS],2017-11-09 03:03:28,1,-90,32.10203143,34.89822763,50,4,WIFI
88:dc:96:52:c1:19,Profit,[WPA2-PSK-CCMP][ESS],2017-11-09 03:03:32,4,-89,32.10209553,34.89823371,50,4,WIFI
30:b5:c2:e9:a2:64,Ryva,[WPA2-PSK-CCMP][WPS][ESS],2017-11-09 03:03:32,5,-91,32.10209553,34.89823371,50,4,WIFI
9c:d6:43:2b:94:a0,school-d,[WEP][ESS],2017-11-09 03:03:34,6,-90,32.10211892,34.89824689,51,4,WIFI
f0:7d:68:16:36:8c,Bezeq-Rokach,[WEP][ESS],2017-11-09 03:03:36,6,-89,32.10214437,34.89826228,49,4,WIFI
6c:b0:ce:34:1a:a1,,[ESS],2017-11-09 03:03:38,44,-80,32.10217032,34.89827224,49,5,WIFI
6c:b0:ce:34:1a:a1,,[ESS],2017-11-09 03:03:44,44,-74,32.1022442,34.89830015,48,4,WIFI
6c:b0:ce:34:1a:a0,,[ESS],2017-11-09 03:03:44,1,-81,32.1022442,34.89830015,48,4,WIFI
04:a1:51:d0:ad:6b,zeev-2.4_5,[WPA2-PSK-CCMP][WPS][ESS],2017-11-09 03:03:48,60,-76,32.10229284,34.8983404,49,5,WIFI
04:a1:51:d0:ad:6a,zeev-2.4_2.4,[WPA2-PSK-CCMP][WPS][ESS],2017-11-09 03:03:48,1,-82,32.10229284,34.8983404,49,5,WIFI
6c:b0:ce:34:1a:a0,,[ESS],2017-11-09 03:03:50,1,-76,32.10229816,34.89837451,50,4,WIFI
f4:f2:6d:de:59:f3,e-dart guest,[WPA-PSK-CCMP][WPA2-PSK-CCMP][WPS][ESS],2017-11-09 03:03:54,1,-89,32.10228188,34.89844124,52,5,WIFI
8a:dc:96:52:c1:13,Profit-Guest,[WPA2-PSK-CCMP][ESS],2017-11-09 03:03:58,8,-90,32.10228123,34.89849425,51,4,WIFI
04:a1:51:d0:ad:6a,zeev-2.4_2.4,[WPA2-PSK-CCMP][WPS][ESS],2017-11-09 03:04:02,1,-77,32.10225697,34.8985498,51,10,WIFI
00:1f:1f:ab:b3:30,kinusim,[WEP][ESS],2017-11-09 03:04:02,11,-89,32.10225697,34.8985498,51,10,WIFI
04:a1:51:d0:ad:6b,zeev-2.4_5,[WPA2-PSK-CCMP][WPS][ESS],2017-11-09 03:04:04,60,-70,32.10225175,34.89857956,49,10,WIFI
14:ae:db:cb:26:2d,Gili-Atari,[WPA-PSK-CCMP+TKIP][WPA2-PSK-CCMP+TKIP][WPS][ESS],2017-11-09 03:04:08,6,-89,32.10222527,34.89863393,53,11,WIFI
ec:8e:b5:97:1c:e3,DIRECT-E2-HP OfficeJet Pro 6960,[WPA2-PSK-CCMP][WPS][ESS],2017-11-09 03:04:08,6,-90,32.10222527,34.89863393,53,11,WIFI
74:da:38:14:23:8a,rosenblat24_2GExt_2EX,[WPA2-PSK-CCMP][WPS][ESS],2017-11-09 03:04:12,11,-90,32.10219535,34.8986815,52,11,WIFI
04:a1:51:d0:ad:6b,zeev-2.4_5,[WPA2-PSK-CCMP][WPS][ESS],2017-11-09 03:04:16,60,-65,32.10218799,34.89873578,53,10,WIFI
c0:ac:54:f6:fa:04,mirom,[WPA-PSK-CCMP+TKIP][WPA2-PSK-CCMP+TKIP][ESS],2017-11-09 03:04:16,1,-91,32.10218799,34.89873578,53,10,WIFI
80:71:1f:2d:64:60,mazkirut,[WPA-PSK-CCMP+TKIP][ESS],2017-11-09 03:04:26,1,-89,32.10215371,34.89887335,56,11,WIFI
9c:d6:43:26:8a:9d,Bezeq-N_268a9c,[ESS],2017-11-09 03:04:28,6,-90,32.10215796,34.89891031,55,10,WIFI
74:da:38:9d:02:cd,edimax_2.4G_9D02CD,[WPA2-PSK-CCMP][WPS][ESS],2017-11-09 03:04:33,4,-86,32.10214363,34.89899471,57,10,WIFI
9c:d6:43:26:8a:9d,Bezeq-N_268a9c,[ESS],2017-11-09 03:04:33,6,-84,32.10214363,34.89899471,57,10,WIFI
00:1f:1f:ab:b3:30,kinusim,[WEP][ESS],2017-11-09 03:04:37,11,-83,32.10211701,34.89903769,54,10,WIFI
74:ea:3a:c3:ad:60,adri,[WPS][WEP][ESS],2017-11-09 03:04:37,4,-81,32.10211701,34.89903769,54,10,WIFI
00:0c:c3:d0:81:3c,Karni,[WPA-PSK-CCMP+TKIP][WPA2-PSK-CCMP+TKIP][WPS][ESS],2017-11-09 03:04:37,6,-91,32.10211701,34.89903769,54,10,WIFI
14:ae:db:b9:cc:05,Spider,[WPA2-PSK-CCMP][ESS],2017-11-09 03:04:37,11,-92,32.10211701,34.89903769,54,10,WIFI
90:8d:78:52:2d:d5,2017ureut4_2.4,[WPA2-PSK-CCMP][ESS],2017-11-09 03:04:40,10,-86,32.10211023,34.89908178,54,10,WIFI
54:64:d9:61:5d:af,HOTBOX-100,[WPA-PSK-CCMP+TKIP][WPA2-PSK-CCMP+TKIP][ESS],2017-11-09 03:04:40,11,-87,32.10211023,34.89908178,54,10,WIFI
90:8d:78:52:2d:d4,2017ureut4_5,[WPA2-PSK-CCMP][ESS],2017-11-09 03:04:43,48,-81,32.10211042,34.89912001,49,9,WIFI
e8:50:8b:d5:af:0b,AndroidAP,[WPA2-PSK-CCMP][ESS][SEC80],2017-11-09 03:04:43,6,-89,32.10211042,34.89912001,49,9,WIFI
00:12:2a:41:4b:8c,Shachar,[WPA-PSK-CCMP+TKIP][WPA2-PSK-CCMP+TKIP][ESS],2017-11-09 03:04:47,1,-87,32.10210194,34.89915597,45,9,WIFI
78:d9:9f:f9:8c:bf,at11_5GExt,[WPA2-PSK-CCMP][WPS][ESS],2017-11-09 03:04:49,44,-79,32.10209436,34.89917703,45,10,WIFI
10:5a:f7:04:16:aa,meena_5,[WPA2-PSK-CCMP][ESS],2017-11-09 03:04:49,52,-82,32.10209436,34.89917703,45,10,WIFI
30:b5:c2:6d:ea:94,tplink,[WPA-PSK-CCMP+TKIP][WPA2-PSK-CCMP+TKIP][ESS],2017-11-09 03:04:49,11,-86,32.10209436,34.89917703,45,10,WIFI
9c:2a:70:78:ee:f3,HP-Print-f3-LaserJet 400 MFP,[WPA2-PSK-CCMP][ESS],2017-11-09 03:04:49,1,-87,32.10209436,34.89917703,45,10,WIFI
fc:75:16:2e:0e:7b,snir_king,[WPA2-PSK-CCMP][ESS],2017-11-09 03:04:49,6,-89,32.10209436,34.89917703,45,10,WIFI
c0:ac:54:f6:fa:04,mirom,[WPA-PSK-CCMP+TKIP][WPA2-PSK-CCMP+TKIP][ESS],2017-11-09 03:04:51,1,-86,32.10208543,34.89919306,48,10,WIFI
30:b5:c2:6d:ea:96,avniel101_5G,[WPA-PSK-CCMP+TKIP][WPA2-PSK-CCMP+TKIP][ESS],2017-11-09 03:04:51,40,-82,32.10208543,34.89919306,48,10,WIFI
10:5a:f7:04:16:a9,meena_2.4,[WPA2-PSK-CCMP][ESS],2017-11-09 03:04:51,1,-87,32.10208543,34.89919306,48,10,WIFI
d0:0e:d9:18:37:49,rachel_2GExt,[WPA2-PSK-CCMP][WPS][ESS],2017-11-09 03:04:51,6,-89,32.10208543,34.89919306,48,10,WIFI
d0:0f:6d:f1:6f:ef,AGEVEHOME,[WPA-PSK-CCMP+TKIP][ESS],2017-11-09 03:04:51,5,-90,32.10208543,34.89919306,48,10,WIFI
74:ea:3a:f1:a6:0a,cohenzadek-HP_Network,[WPA2-PSK-CCMP][WPS][ESS],2017-11-09 03:04:55,1,-83,32.10206977,34.89922928,46,11,WIFI
90:8d:78:52:2d:d4,2017ureut4_5,[WPA2-PSK-CCMP][ESS],2017-11-09 03:04:55,48,-70,32.10206977,34.89922928,46,11,WIFI
e0:ce:c3:8b:ce:77,ori,[WPA-PSK-CCMP+TKIP][WPA2-PSK-CCMP+TKIP][ESS],2017-11-09 03:04:55,11,-82,32.10206977,34.89922928,46,11,WIFI
10:5a:f7:04:16:aa,meena_5,[WPA2-PSK-CCMP][ESS],2017-11-09 03:04:55,52,-74,32.10206977,34.89922928,46,11,WIFI
d0:0e:d9:18:37:48,rachel_5GExt,[WPA2-PSK-CCMP][WPS][ESS],2017-11-09 03:04:55,36,-80,32.10206977,34.89922928,46,11,WIFI
00:0c:c3:d0:81:3c,Karni,[WPA-PSK-CCMP+TKIP][WPA2-PSK-CCMP+TKIP][WPS][ESS],2017-11-09 03:04:55,6,-85,32.10206977,34.89922928,46,11,WIFI
a0:ab:1b:60:46:a2,Eliahou,[WPA2-PSK-CCMP][ESS],2017-11-09 03:04:55,3,-88,32.10206977,34.89922928,46,11,WIFI
d4:d1:84:fd:7b:01,rachel,[WPA2-PSK-CCMP][ESS],2017-11-09 03:04:55,6,-90,32.10206977,34.89922928,46,11,WIFI
14:ae:db:cb:26:2d,Gili-Atari,[WPA-PSK-CCMP+TKIP][WPA2-PSK-CCMP+TKIP][WPS][ESS],2017-11-09 03:04:59,6,-83,32.10204346,34.89930508,43,12,WIFI
10:5a:f7:04:16:a9,meena_2.4,[WPA2-PSK-CCMP][ESS],2017-11-09 03:04:59,1,-81,32.10204346,34.89930508,43,12,WIFI
7c:03:4c:bb:25:ae,bait,[WPA-PSK-CCMP+TKIP][WPA2-PSK-CCMP+TKIP][ESS],2017-11-09 03:04:59,11,-85,32.10204346,34.89930508,43,12,WIFI
42507_10041_294079,HOT mobile,HSDPA;il,2017-11-09 03:04:59,0,-79,32.10204346,34.89930508,43,12,GSM
c0:ac:54:f6:fa:04,mirom,[WPA-PSK-CCMP+TKIP][WPA2-PSK-CCMP+TKIP][ESS],2017-11-09 03:05:03,1,-79,32.10202665,34.89941482,43,10,WIFI
d0:0f:6d:f1:6f:ef,AGEVEHOME,[WPA-PSK-CCMP+TKIP][ESS],2017-11-09 03:05:03,5,-83,32.10202665,34.89941482,43,10,WIFI
d4:d1:84:fd:7b:01,rachel,[WPA2-PSK-CCMP][ESS],2017-11-09 03:05:03,6,-82,32.10202665,34.89941482,43,10,WIFI
14:ae:db:cb:26:2d,Gili-Atari,[WPA-PSK-CCMP+TKIP][WPA2-PSK-CCMP+TKIP][WPS][ESS],2017-11-09 03:05:07,6,-76,32.10203662,34.89945811,42,10,WIFI
e0:ce:c3:8b:ce:77,ori,[WPA-PSK-CCMP+TKIP][WPA2-PSK-CCMP+TKIP][ESS],2017-11-09 03:05:07,11,-75,32.10203662,34.89945811,42,10,WIFI
d0:0e:d9:18:37:48,rachel_5GExt,[WPA2-PSK-CCMP][WPS][ESS],2017-11-09 03:05:07,36,-73,32.10203662,34.89945811,42,10,WIFI
74:da:38:7f:de:da,shay_2EX,[WPA2-PSK-CCMP-preauth][WPS][ESS],2017-11-09 03:05:07,11,-82,32.10203662,34.89945811,42,10,WIFI
00:78:9e:f9:f3:07,shtern1,[WPA-PSK-CCMP+TKIP][WPA2-PSK-CCMP+TKIP][WPS][ESS],2017-11-09 03:05:07,1,-92,32.10203662,34.89945811,42,10,WIFI
fc:75:16:2e:0e:7b,snir_king,[WPA2-PSK-CCMP][ESS],2017-11-09 03:05:11,6,-82,32.10206832,34.89946938,41,11,WIFI
1c:5f:2b:ab:d1:a0,stern_EXT,[WPA-PSK-CCMP+TKIP][WPA2-PSK-CCMP+TKIP][WPS][ESS],2017-11-09 03:05:11,11,-89,32.10206832,34.89946938,41,11,WIFI
74:ea:3a:f1:a6:0a,cohenzadek-HP_Network,[WPA2-PSK-CCMP][WPS][ESS],2017-11-09 03:05:15,1,-78,32.10212619,34.89950719,43,10,WIFI
3c:1e:04:02:ec:a2,Yoseth5,[WPA2-PSK-CCMP][ESS],2017-11-09 03:05:15,48,-78,32.10212619,34.89950719,43,10,WIFI
14:ae:db:b9:cc:05,Spider,[WPA2-PSK-CCMP][ESS],2017-11-09 03:05:15,11,-86,32.10212619,34.89950719,43,10,WIFI
8c:59:c3:a2:85:a9,stern,[WPA2-PSK-CCMP][ESS],2017-11-09 03:05:15,11,-86,32.10212619,34.89950719,43,10,WIFI
78:d9:9f:f9:8c:bf,at11_5GExt,[WPA2-PSK-CCMP][WPS][ESS],2017-11-09 03:05:19,44,-69,32.10217876,34.89954162,43,10,WIFI
3c:1e:04:02:ec:a2,Yoseth5,[WPA2-PSK-CCMP][ESS],2017-11-09 03:05:19,48,-70,32.10217876,34.89954162,43,10,WIFI
14:cc:20:ef:b7:47,moshiman,[WPA-PSK-CCMP+TKIP][WPA2-PSK-CCMP+TKIP][ESS],2017-11-09 03:05:19,11,-87,32.10217876,34.89954162,43,10,WIFI
00:0c:c3:d0:81:3c,Karni,[WPA-PSK-CCMP+TKIP][WPA2-PSK-CCMP+TKIP][WPS][ESS],2017-11-09 03:05:23,6,-80,32.10221946,34.89957312,43,11,WIFI
7c:03:4c:bb:25:ae,bait,[WPA-PSK-CCMP+TKIP][WPA2-PSK-CCMP+TKIP][ESS],2017-11-09 03:05:23,11,-79,32.10221946,34.89957312,43,11,WIFI
78:d9:9f:f9:8c:c0,at11_2GExt,[WPA2-PSK-CCMP][WPS][ESS],2017-11-09 03:05:23,1,-81,32.10221946,34.89957312,43,11,WIFI
d0:0e:d9:18:37:49,rachel_2GExt,[WPA2-PSK-CCMP][WPS][ESS],2017-11-09 03:05:23,6,-82,32.10221946,34.89957312,43,11,WIFI
3c:1e:04:02:ec:a1,Yoseth,[WPA2-PSK-CCMP][ESS],2017-11-09 03:05:23,11,-83,32.10221946,34.89957312,43,11,WIFI
34:12:98:0b:43:48,LevAirPort,[WPA2-PSK-CCMP][ESS],2017-11-09 03:05:23,11,-84,32.10221946,34.89957312,43,11,WIFI
78:d9:9f:f9:8c:bf,at11_5GExt,[WPA2-PSK-CCMP][WPS][ESS],2017-11-09 03:05:27,44,-64,32.10226863,34.8995964,42,15,WIFI
f8:1a:67:f8:e7:68,GIURA_NET,[WPA-PSK-CCMP][WPA2-PSK-CCMP][WPS][ESS],2017-11-09 03:05:27,1,-79,32.10226863,34.8995964,42,15,WIFI
b4:ee:b4:86:c8:2e,HOTFiber-9C0B,[WPA-PSK-CCMP+TKIP][WPA2-PSK-CCMP+TKIP][ESS],2017-11-09 03:05:27,11,-81,32.10226863,34.8995964,42,15,WIFI
10:be:f5:36:41:4e,kazarnovsky,[WPA2-PSK-CCMP][ESS],2017-11-09 03:05:27,9,-82,32.10226863,34.8995964,42,15,WIFI
e8:cc:18:ee:2d:22,Riva,[WPA2-PSK-CCMP][ESS],2017-11-09 03:05:27,6,-83,32.10226863,34.8995964,42,15,WIFI
62:be:f5:36:41:4f,BezeqFree,[WPA2-PSK-CCMP][ESS],2017-11-09 03:05:27,9,-83,32.10226863,34.8995964,42,15,WIFI
5a:12:f5:f3:f5:a3,BezeqFree,[WPA2-PSK-CCMP][ESS],2017-11-09 03:05:27,6,-83,32.10226863,34.8995964,42,15,WIFI
c4:12:f5:f3:f5:a2,amnon,[WPA2-PSK-CCMP][ESS],2017-11-09 03:05:27,6,-85,32.10226863,34.8995964,42,15,WIFI
90:f6:52:db:cf:fe,Bauer,[WPA2-PSK-CCMP][WPS][ESS],2017-11-09 03:05:27,9,-86,32.10226863,34.8995964,42,15,WIFI
42507_10041_294082,HOT mobile,UNKNOWN;il,2017-11-09 03:05:27,0,-79,32.10226863,34.8995964,42,15,GSM
c8:be:19:08:85:01,zvi-018,[WPA2-PSK-CCMP+TKIP][ESS],2017-11-09 03:05:31,1,-87,32.10230012,34.89959138,39,20,WIFI
a0:4f:d4:46:3d:a1,Nava02,[WPA2-PSK-CCMP][ESS],2017-11-09 03:05:31,1,-88,32.10230012,34.89959138,39,20,WIFI
14:ae:db:32:23:42,Yigal_Vtech_2.4,[ESS],2017-11-09 03:05:31,5,-89,32.10230012,34.89959138,39,20,WIFI
10:0d:7f:80:23:2e,shay,[WPA2-PSK-CCMP][WPS][ESS],2017-11-09 03:05:34,11,-86,32.10230397,34.89961257,47,27,WIFI
74:da:38:7f:de:da,shay_2EX,[WPA2-PSK-CCMP-preauth][WPS][ESS],2017-11-09 03:05:34,11,-72,32.10230397,34.89961257,47,27,WIFI
10:0d:7f:80:23:2e,shay,[WPA2-PSK-CCMP][WPS][ESS],2017-11-09 03:05:34,11,-80,32.10230397,34.89961257,47,27,WIFI
10:be:f5:3a:52:98,Talya,[WPA2-PSK-CCMP][ESS],2017-11-09 03:05:34,10,-90,32.10230397,34.89961257,47,27,WIFI
